id,launched,launched_is_approximate,year,measure,mode,mode_name,level,state_code,state,governing_party,enacted_by,benefit,reach,cost,poll,poll_month,days_before_poll,poll_result,outcome,package_overlaps_parts,tags,bank_items,play_links,source_label,source_url
gj-drought-relief-2000,2000,,2000,Drought relief works (Gujarat),relief,Rahat Kosh (the relief fund),State,GJ,Gujarat,BJP,,"₹10 a day per adult (₹5 per child) on relief works, capped at ₹1,000 a month per family","Five lakh people on 2,500 works; 9,421 villages declared drought-hit",,,,,,"Frontline judged the cash relief insufficient; 2.5 crore people were affected and kharif losses put at ₹4,250 crore.",,relief,hrf201,https://occult-kranti.github.io/fact-duel/hisaab/#/q/hrf201,Frontline — Gujarat's thirst (13 May 2000),https://frontline.thehindu.com/environment/article30253968.ece
in-11th-fc-calamity-relief-fund-2000,2000,,2000,"Calamity Relief Fund, 2000–05 (11th Finance Commission)",relief,Rahat Kosh (the relief fund),Centre,IN,India-wide (Centre),NDA,,"State calamity funds for cyclone, drought, earthquake, fire, flood and hailstorm, paid 75:25 by Centre and states",,"₹11,007.59 crore over five years (Centre ₹8,255.69 crore)",,,,,About 75% bigger than the 1995–2000 fund; UP’s five-year share was ₹987 crore and Goa’s under ₹7 crore.,,relief,hrf200,https://occult-kranti.github.io/fact-duel/hisaab/#/q/hrf200,"Finance Commission of India — Report of the Eleventh Finance Commission, ch. IX and Annexure IX.1 (2000)",https://fincomindia.nic.in/asset/doc/commission-reports/11th-FC/11threport.pdf
in-nccf-2000,2000,,2000,National Calamity Contingency Fund,relief,Rahat Kosh (the relief fund),Centre,IN,India-wide (Centre),NDA,,"A national fund for severe calamities, replacing an exhausted one, refilled by a surcharge on central taxes",,₹500 crore initial corpus,,,,,"Sent ₹500 crore to quake-hit Gujarat in 2001 and ₹1,018 crore for the 2002 drought; folded into the NDRF from 2010-11.",,relief,hrf001,https://occult-kranti.github.io/fact-duel/hisaab/#/q/hrf001,"Rajya Sabha Standing Committee on Home Affairs — 261st Report: Disaster Management (presented 7 Aug 2026), para 2.13.4",https://bucketapi.rajyasabha.digital/public-bucket/uploads/committee/2026_08_21_committee_3339_976_6a881941b462a.pdf
kl-treasury-curbs-2001,2000,yes,2000,Treasury curbs before the 2001 poll (Kerala),pre-election,Chunav Se Pehle (before the vote),State,KL,Kerala,LDF,,"Curbs on even routine treasury transactions for six months, with debt near ₹21,000 crore",,,Kerala Assembly 2001,2001-05,,UDF won 99 of 140 seats; LDF 40,The UDF won 99 of 140 seats; the LDF fell to 40.,,pre-election,hpe200,https://occult-kranti.github.io/fact-duel/hisaab/#/q/hpe200,Frontline — A record of sorts (26 May 2001),https://frontline.thehindu.com/politics/article30250696.ece
in-janashree-bima-2000,2000-02,,2000,Janashree Bima Yojana,distribution,Seedha Khaate Mein (straight into the account),Centre,IN,India-wide (Centre),NDA,"Yashwant Sinha (Union Finance Minister, BJP)","Group insurance for the poor: ₹20,000 natural death, ₹50,000 accidental death; BPL members pay half",289.94 lakh lives covered by Dec 2012,,,,,,Merged into the Aam Admi Bima Yojana (launched 2007).,,distribution,hdb400,https://occult-kranti.github.io/fact-duel/hisaab/#/q/hdb400,"Ministry of Finance — Union Budget 2000-01 speech, Part A: Social Security for the Poor (2000)",https://www.indiabudget.gov.in/budget_archive/ub2000-01/bs/bsa5.htm
in-antyodaya-anna-yojana-2000,2000-12,,2000,Antyodaya Anna Yojana,distribution,Seedha Khaate Mein (straight into the account),Centre,IN,India-wide (Centre),NDA,"Atal Bihari Vajpayee (Prime Minister, BJP)",Wheat at ₹2 and rice at ₹3 a kg for the poorest families; 35 kg a month from April 2002,1 crore families at launch; 2.5 crore by May 2005,,,,,,"The flat 35 kg carried into the 2013 food law; a 2026 draft bill would switch to 7 kg a person, capped at 35 kg.",,distribution,hdb001; hdb045,https://occult-kranti.github.io/fact-duel/hisaab/#/q/hdb001 https://occult-kranti.github.io/fact-duel/hisaab/#/q/hdb045,"Dept of Food & Public Distribution, NFSA portal — Public Distribution System: Antyodaya Anna Yojana (accessed Sep 2026)",https://nfsa.gov.in/portal/PDS_page
od-cyclone-shelters-2001,2001,,2001,Cyclone shelters after the 1999 super cyclone,relief,Rahat Kosh (the relief fund),State,OD,Odisha,BJD,,"Cyclone shelters for coastal Orissa: 512 needed, money allocated for 240",,,,,,,Only 23 stood in March 2001 and work on 489 had not begun (Frontline).,,relief,hrf101,https://occult-kranti.github.io/fact-duel/hisaab/#/q/hrf101,Frontline — Some lessons from Orissa (3 Mar 2001),https://frontline.thehindu.com/other/article30249961.ece
od-mission-shakti-2001,2001,,2001,Mission Shakti (Odisha),distribution,Seedha Khaate Mein (straight into the account),State,OD,Odisha,BJD,"Naveen Patnaik (Chief Minister, Odisha, BJD)","Women’s self-help groups: 0% loans up to ₹3 lakh, interest subvention","Over six lakh SHGs, 70 lakh women",About ₹200 crore a year in interest subvention,,,,,"Bank credit to SHGs rose from ₹1,036 crore (2016-17) to ₹4,190 crore (2020-21).",,distribution,hdb312,https://occult-kranti.github.io/fact-duel/hisaab/#/q/hdb312,The Hindu — Behind the BJD's electoral successes in Odisha are women SHGs (17 Oct 2022),https://www.thehindu.com/news/national/other-states/behind-the-bjds-electoral-successes-in-odisha-are-women-shgs/article66022675.ece
gj-kutch-earthquake-doles-2001,2001-01,,2001,Kutch earthquake cash doles,relief,Rahat Kosh (the relief fund),State,GJ,Gujarat,BJP,"Keshubhai Patel (Chief Minister, Gujarat, BJP)",Cash doles for survivors and a promised room for each of eight lakh uprooted families,,,,,,,India Today counted 11 orders on doles in 10 days; Frontline called the relief the government’s most striking failure. Patel was replaced in Oct 2001.,,relief,hrf100,https://occult-kranti.github.io/fact-duel/hisaab/#/q/hrf100,India Today — Leader in paralysis (5 Mar 2001),https://www.indiatoday.in/magazine/states/story/20010305-gujarat-cm-keshubhai-patel-fitness-to-rule-grows-after-failure-to-provide-quake-relief-775615-2001-03-04
in-nccd-2001,2001-02,,2001,National Calamity Contingent Duty,relief,Rahat Kosh (the relief fund),Centre,IN,India-wide (Centre),NDA,"Yashwant Sinha (Union Finance Minister, BJP)","A special excise levy on tobacco to refill the national calamity fund, plus a 2% surcharge for Gujarat quake relief",,,,,,,Still on the books in 2026: Finance Bill 2026 raised its schedule rate on chewing tobacco from 25% to 60%.,,relief,hrf002,https://occult-kranti.github.io/fact-duel/hisaab/#/q/hrf002,"indiabudget.gov.in — Memorandum explaining the provisions in the Finance Bill, 2026 (Feb 2026)",https://www.indiabudget.gov.in/doc/memo.pdf
in-sgry-2001,2001-09,,2001,Sampoorna Grameen Rozgar Yojana,distribution,Seedha Khaate Mein (straight into the account),Centre,IN,India-wide (Centre),NDA,"Atal Bihari Vajpayee (Prime Minister, BJP)","Rural wage work paid partly in free grain, merging two earlier schemes",,50 lakh tonnes of grain allocated for year one,,,,,30.6 lakh tonnes had been authorised for release by the 2002-03 budget; grain off-take rose sharply in the 2002 drought.,,distribution,hdb401,https://occult-kranti.github.io/fact-duel/hisaab/#/q/hdb401,"Ministry of Finance — Union Budget 2002-03 speech, Part A (2002)",https://www.indiabudget.gov.in/budget_archive/ub2002-03/bs/speech_a.htm
in-mid-day-meals-order-2001,2001-11,,2001,Cooked mid-day meals ordered (PUCL case),distribution,Seedha Khaate Mein (straight into the account),Centre,IN,India-wide (Centre),NDA,,Supreme Court directed every state to serve cooked mid-day meals in primary schools within six months,,,,,,,Compliance lagged: in August 2002 Frontline reported Jharkhand had still not complied.,,distribution,hdb002,https://occult-kranti.github.io/fact-duel/hisaab/#/q/hdb002,Frontline — Starving still in Jharkhand (3 Aug 2002),https://frontline.thehindu.com/other/article30245718.ece
ap-drought-relief-rice-2002,2002,,2002,Drought relief rice under SGRY (Andhra Pradesh),relief,Rahat Kosh (the relief fund),State,AP,Andhra Pradesh,TDP,,"State sought 2.5 million tonnes of rice for drought relief work and ₹2,373.44 crore from the NCCF",1.38 crore farm labourers lost work (govt estimate),,,,,,"Only 0.5 million tonnes had been released by May 2003, Frontline reported.",,relief,hrf102,https://occult-kranti.github.io/fact-duel/hisaab/#/q/hrf102,Frontline — Elusive relief in Andhra Pradesh (23 May 2003),https://frontline.thehindu.com/the-nation/article30217066.ece
ga-dayanand-social-security-2002,2002,,2002,Dayanand Social Security Scheme,distribution,Seedha Khaate Mein (straight into the account),State,GA,Goa,BJP,"Manohar Parrikar (Chief Minister, Goa, BJP)","Monthly pension for senior citizens (₹2,000 + ₹500 medical in 2026); ₹4,000 for eligible widows","With Griha Aadhar, close to 2.5 lakh people",₹480 crore (2026-27 budget),,,,,In Sept 2026 the CM said it would rise by at least ₹500 a month; The Goan called it a ‘poll bonanza’ before 2027.,,distribution,hdb200,https://occult-kranti.github.io/fact-duel/hisaab/#/q/hdb200,"The Goan — Another bonanza on cards: Govt to enhance DSSS, Griha Aadhar by Rs 500 (10 Sep 2026)",https://www.thegoan.net/goa-news/another-bonanza-on-cards-govt-to-enhance-dsss-griha-aadhar-by-rs-500/153962.html
in-drought-relief-2002,2002,,2002,Drought relief 2002,relief,Rahat Kosh (the relief fund),Centre,IN,India-wide (Centre),NDA,,"NCCF and early calamity-fund releases, free grain for relief work, fodder by rail; a Task Force under the Deputy PM",,"₹1,018 crore from the NCCF; ₹1,227 crore CRF share; 27.74 lakh tonnes of free grain",,,,,Grain off-take under welfare schemes rose to 5.48 million tonnes in Apr–Oct 2002 from 3.15 million a year earlier.,,relief,hrf003; hrf004,https://occult-kranti.github.io/fact-duel/hisaab/#/q/hrf003 https://occult-kranti.github.io/fact-duel/hisaab/#/q/hrf004,"Economic Survey 2002-03, ch. 8 (Agriculture) — Box 8.1: Drought relief measures",https://www.indiabudget.gov.in/budget_archive/es2002-03/chapt2003/chap83.pdf
mz-intodelhna-2002,2002,,2002,Mizoram Intodelhna Programme,distribution,Seedha Khaate Mein (straight into the account),State,MZ,Mizoram,MNF,"Zoramthanga (Chief Minister, Mizoram, MNF)","₹11,000 per beneficiary family, replacing the old land-use scheme","53,288 families",,,,,,The MNF lost the 2008 election: the Congress won 32 of 40 on a new land-use promise.,,distribution,hdb324,https://occult-kranti.github.io/fact-duel/hisaab/#/q/hdb324,Frontline — Playing the Piper (27 Nov 2013),https://frontline.thehindu.com/politics/playing-the-piper/article5389646.ece
rj-drought-relief-2002,2002,,2002,"Drought relief works (Rajasthan, 2002–03)",relief,Rahat Kosh (the relief fund),State,RJ,Rajasthan,INC,"Ashok Gehlot (Chief Minister, Rajasthan, INC)",Relief work for vulnerable families (cut from 15 to 10 days a month); ₹60 daily wage claimed,,"Centre paid ₹188.82 crore for 20.80 lakh BPL families; state need ₹1,530 crore",Rajasthan Assembly 2003,2003-12,,BJP won 120 of 200; Congress lost power,Frontline found wages as low as ₹15 in places; the BJP won the December 2003 poll with 120 of 200 seats.,,pre-election; relief,hrf103; hpe150,https://occult-kranti.github.io/fact-duel/hisaab/#/q/hrf103 https://occult-kranti.github.io/fact-duel/hisaab/#/q/hpe150,Frontline — From bad to worse in Rajasthan (9 May 2003),https://frontline.thehindu.com/the-nation/article30216871.ece
hr-farm-power-dues-waiver-2002,2002-04,,2002,Farm power-dues waiver (Haryana),distribution,Seedha Khaate Mein (straight into the account),State,HR,Haryana,INLD,"Om Prakash Chautala (Chief Minister, Haryana, INLD)","75% of each farmer’s pending power dues waived, after a full waiver was promised before the 2000 poll",,,,,,,Farmers’ protests spread; police firings in May 2002 left three dead (Frontline).,,distribution; pre-election,hpe100,https://occult-kranti.github.io/fact-duel/hisaab/#/q/hpe100,Frontline — Farmer power (8 Jun 2002),https://frontline.thehindu.com/other/article30245094.ece
pb-free-farm-power-suspended-2002,2002-10,,2002,Free farm power suspended (Punjab),distribution,Seedha Khaate Mein (straight into the account),State,PB,Punjab,INC,"Amarinder Singh (Chief Minister, Punjab, INC)","Free electricity for all farmers, extended in 1997, discontinued from October 2002",,"₹7,715 crore for farm power subsidy (2026-27)",,,,,Restored in November 2005 and unbroken since 2007.,,distribution,hdb100,https://occult-kranti.github.io/fact-duel/hisaab/#/q/hdb100,"The Indian Express — Power subsidy to social security: Parkash Singh Badal, the architect of populist schemes (26 Apr 2023)",https://indianexpress.com/article/cities/chandigarh/power-subsidy-social-security-architect-populist-schemes-8576206/
mp-power-purchase-2003,2003,,2003,Power purchase before the 2003 poll (MP),pre-election,Chunav Se Pehle (before the vote),State,MP,Madhya Pradesh,INC,"Digvijaya Singh (Chief Minister, Madhya Pradesh, INC)",Electricity bought from other states amid a serious shortage,,₹40–60 crore,Madhya Pradesh Assembly 2003,2003-12,,BJP won 173 of 230 seats; Congress 38,"The BJP won 173 of 230 seats; the Congress fell to 38, ending ten years in power.",,pre-election,hpe201,https://occult-kranti.github.io/fact-duel/hisaab/#/q/hpe201,Rediff — 'The power situation in MP is serious' (31 May 2003),https://www.rediff.com/news/interview/inter/20030531.htm
tn-drought-aid-2003,2003,,2003,Drought aid demand (Tamil Nadu),relief,Rahat Kosh (the relief fund),State,TN,Tamil Nadu,AIADMK,,"At least ₹2,027 crore and 9 lakh tonnes of rice sought from the Centre",,,,,,,"The Centre had given ₹228 crore by early 2003, per the Kisan Sabha; the state put crop losses at ₹5,388 crore.",,relief,hrf104,https://occult-kranti.github.io/fact-duel/hisaab/#/q/hrf104,Frontline — A worsening drought (28 Feb 2003),https://frontline.thehindu.com/other/article30215779.ece
in-antyodaya-expansion-2003,2003-02,,2003,Antyodaya expanded (Budget 2003-04),distribution,Seedha Khaate Mein (straight into the account),Centre,IN,India-wide (Centre),NDA,"Jaswant Singh (Union Finance Minister, BJP)",Antyodaya grain for 50 lakh more families from 1 April 2003,,₹507 crore extra,,,,,AAY covered 1.5 crore families by early 2004.,,distribution,hdb003,https://occult-kranti.github.io/fact-duel/hisaab/#/q/hdb003,"indiabudget.gov.in — Budget Speech 2003-04, Jaswant Singh (Feb 2003)",https://www.indiabudget.gov.in/budget_archive/ub2003-04/bs/speecha.htm
in-nccd-crude-2003,2003-02,,2003,Calamity duty on crude oil,relief,Rahat Kosh (the relief fund),Centre,IN,India-wide (Centre),NDA,"Jaswant Singh (Union Finance Minister, BJP)","NCCD of ₹50 a tonne on crude and 1% on yarn and vehicles, ‘limited to one year only’, after the 2002 drought",,,,,,,"Still levied on domestic crude in January 2026, over two decades on; the oil industry asked for its removal.",,relief,hrf005,https://occult-kranti.github.io/fact-duel/hisaab/#/q/hrf005,Economic Times — Budget 2026: Oil industry seeks abolition or review of OID cess (15 Jan 2026),https://economictimes.indiatimes.com/industry/energy/oil-gas/budget-2026-oil-industry-seeks-abolition-or-review-of-oid-cess-on-pre-nelp-and-nomination-blocks/articleshow/126545404.cms
in-universal-health-insurance-2003,2003-02,,2003,Universal Health Insurance Scheme,distribution,Seedha Khaate Mein (straight into the account),Centre,IN,India-wide (Centre),NDA,"Jaswant Singh (Union Finance Minister, BJP)","Hospital cover up to ₹30,000 for ₹1 a day; the Centre paid ₹100 a year of a BPL family’s premium",,,,,,,"Only 11,408 BPL families had joined by May 2004; the UPA limited it to BPL families and raised the subsidy.",,distribution,hdb004,https://occult-kranti.github.io/fact-duel/hisaab/#/q/hdb004,"indiabudget.gov.in — Budget Speech 2003-04, Jaswant Singh (Feb 2003)",https://www.indiabudget.gov.in/budget_archive/ub2003-04/bs/speecha.htm
ap-mahanadu-farm-package-2003,2003-05,,2003,Naidu's Mahanadu farm package,pre-election,Chunav Se Pehle (before the vote),State,AP,Andhra Pradesh,TDP,"N. Chandrababu Naidu (Chief Minister, Andhra Pradesh, TDP)","₹15,000 grant plus ₹2,500 micro-credit per farmer self-help group; interest waivers on drought-hit co-op loans",,₹250 crore interest waiver + ₹94 crore penal-interest waiver,Andhra Pradesh Assembly 2004,2004-04,328,Congress won 185 of 294 seats; TDP 47,Congress won 185 of 294 seats in April 2004; the TDP fell to 47.,,distribution; pre-election,hdb201,https://occult-kranti.github.io/fact-duel/hisaab/#/q/hdb201,Times of India — Naidu's major sops for farmers (29 May 2003),https://timesofindia.indiatimes.com/city/hyderabad/naidus-major-sops-for-farmers/articleshow/47811599.cms
ka-yeshasvini-2003,2003-06,,2003,Yeshasvini farmers’ health scheme,distribution,Seedha Khaate Mein (straight into the account),State,KA,Karnataka,INC,"S.M. Krishna (Chief Minister, Karnataka, INC)",Surgery at 74 listed hospitals for a ₹5-a-month premium,,,,,,,"250 surgeries in the first 27 days; ₹14.25 crore collected (TOI, June 2003).",,distribution,hdb402,https://occult-kranti.github.io/fact-duel/hisaab/#/q/hdb402,The Times of India — Krishna moots Yeshasvini scheme for other sectors (29 Jun 2003),https://timesofindia.indiatimes.com/city/bengaluru/krishna-moots-yeshasvini-scheme-for-other-sectors/articleshow/49404.cms
in-india-shining-ads-2004,2004,,2004,‘India Shining’ government ads,pre-election,Chunav Se Pehle (before the vote),Centre,IN,India-wide (Centre),NDA,,A government-funded advertising campaign,,₹65 crore,Lok Sabha 2004,2004-04,,"INC 145, BJP 138 seats; the Congress-led UPA formed the government","The EC barred its broadcast until polling ended; the NDA lost office (Congress 145, BJP 138).",,pre-election,hpe001,https://occult-kranti.github.io/fact-duel/hisaab/#/q/hpe001,Rediff (Reuters) — The man behind 'India Shining' slogan (2 Apr 2004),https://www.rediff.com/business/special/shining/20040402.htm
ka-farm-distress-compensation-2004,2004,,2004,Farm-distress compensation (Karnataka),relief,Rahat Kosh (the relief fund),State,KA,Karnataka,INC,"S.M. Krishna (Chief Minister, Karnataka, INC)",₹1 lakh to families of indebted farmers who died by suicide,,,Karnataka Assembly 2004,2004-04,,"Hung: BJP 79, Congress 65, JD(S) 58 of 224","Barely 10% of needy families were paid, Frontline found; the poll gave a hung House (BJP 79, Congress 65, JD(S) 58).",,pre-election; relief,hpe102,https://occult-kranti.github.io/fact-duel/hisaab/#/q/hpe102,Frontline — The rural anger in Karnataka (18 Jun 2004),https://frontline.thehindu.com/cover-story/article30223009.ece
in-mini-budget-2004,2004-01,,2004,Jaswant Singh’s ‘mini-budget’,pre-election,Chunav Se Pehle (before the vote),Centre,IN,India-wide (Centre),NDA,"Jaswant Singh (Union Finance Minister, BJP)","Customs cuts on phones, IT and electronics; travel tax abolished",,,Lok Sabha 2004,2004-04,103,"INC 145, BJP 138 seats; the Congress-led UPA formed the government",Polling began 103 days later; the NDA lost office as the Congress won 145 seats to the BJP’s 138.,,pre-election,hpe002,https://occult-kranti.github.io/fact-duel/hisaab/#/q/hpe002,Rediff — Markets likely to zoom up on Friday (8 Jan 2004),https://www.rediff.com/business/report/bud12/20040108.htm
in-antyodaya-expansion-2004,2004-02,,2004,Antyodaya expanded to 2 crore families (interim budget),pre-election,Chunav Se Pehle (before the vote),Centre,IN,India-wide (Centre),NDA,"Jaswant Singh (Union Finance Minister, BJP)",Antyodaya extended to 2 crore BPL families from 1 April 2004,,,Lok Sabha 2004,2004-04,77,"INC 145, BJP 138 seats; the Congress-led UPA formed the government","The NDA lost the poll; the UPA kept the expansion (subsidy near ₹3,500 crore) and took AAY to 2.5 crore households in 2005.",,distribution; pre-election,hdb005,https://occult-kranti.github.io/fact-duel/hisaab/#/q/hdb005,"indiabudget.gov.in — Interim Budget Speech 2004-05, Jaswant Singh (3 Feb 2004)",https://www.indiabudget.gov.in/budget_archive/ub2004-05(I)/bs/speecha.htm
in-da-merger-2004,2004-02,,2004,DA merged into basic pay (interim budget),pre-election,Chunav Se Pehle (before the vote),Centre,IN,India-wide (Centre),NDA,"Jaswant Singh (Union Finance Minister, BJP)","Dearness allowance up to 50% of pay merged into basic pay for central staff; ₹25,000 crore defence fund",,,Lok Sabha 2004,2004-04,77,"INC 145, BJP 138 seats; the Congress-led UPA formed the government",Polling began 77 days later; the NDA left office.,,pre-election,hpe003,https://occult-kranti.github.io/fact-duel/hisaab/#/q/hpe003,"indiabudget.gov.in — Interim Budget 2004-05 speech, Jaswant Singh (3 Feb 2004)",https://www.indiabudget.gov.in/budget_archive/ub2004-05(I)/bs/speecha.htm
in-farm-income-insurance-2004,2004-02,,2004,Farm Income Insurance Scheme extended,pre-election,Chunav Se Pehle (before the vote),Centre,IN,India-wide (Centre),NDA,"Jaswant Singh (Union Finance Minister, BJP)",Pilot extended from 20 to 100 districts; Kisan Credit Cards for all eligible farmers,,,Lok Sabha 2004,2004-04,77,"INC 145, BJP 138 seats; the Congress-led UPA formed the government",The pilot was discontinued in 2004 after the NDA lost the poll.,,pre-election,hpe005,https://occult-kranti.github.io/fact-duel/hisaab/#/q/hpe005,"indiabudget.gov.in — Interim Budget 2004-05 speech, Jaswant Singh (3 Feb 2004)",https://www.indiabudget.gov.in/budget_archive/ub2004-05(I)/bs/speecha.htm
in-pmssy-aiims-2004,2004-02,,2004,Six AIIMS-like hospitals (PMSSY),pre-election,Chunav Se Pehle (before the vote),Centre,IN,India-wide (Centre),NDA,"Atal Bihari Vajpayee (Prime Minister, BJP); Jaswant Singh (Union Finance Minister, BJP)","Six AIIMS-like institutes at Bhopal, Bhubaneswar, Jodhpur, Patna, Raipur and Rishikesh",,,Lok Sabha 2004,2004-04,77,"INC 145, BJP 138 seats; the Congress-led UPA formed the government",The UPA Cabinet approved them in 2006 and MBBS classes began in 2012; a 2019 CAG report found infrastructure still pending.,,pre-election,hpe004,https://occult-kranti.github.io/fact-duel/hisaab/#/q/hpe004,Alt News — Did UPA govt build only one AIIMS during their tenure? (25 Apr 2021),https://www.altnews.in/did-upa-govt-build-only-one-aiims-institute-during-their-tenure-false-claim-viral/
ap-free-farm-power-2004,2004-05,,2004,Free farm power and bill waiver (Andhra Pradesh),distribution,Seedha Khaate Mein (straight into the account),State,AP,Andhra Pradesh,INC,"Y.S. Rajasekhara Reddy (Chief Minister, Andhra Pradesh, INC)","Free power for all farmers plus a waiver of unpaid farm power bills, signed on oath day",,"Up to ₹436 crore in 2004-05, plus ₹1,192 crore of waived dues",,,,,YSR said free power would continue while the Congress held office; the Congress was re-elected in 2009 with 156 of 294 seats.,,distribution,hdb202,https://occult-kranti.github.io/fact-duel/hisaab/#/q/hdb202,Times of India — Farmers to get free power (15 May 2004),https://timesofindia.indiatimes.com/city/hyderabad/farmers-to-get-free-power/articleshow/676611.cms
tn-power-tariff-rollback-2004,2004-05,,2004,Domestic power tariff rollback (Tamil Nadu),distribution,Seedha Khaate Mein (straight into the account),State,TN,Tamil Nadu,AIADMK,"J. Jayalalithaa (Chief Minister, Tamil Nadu, AIADMK)",Household power bills cut back to December 2001 rates,Nearly 1.2 crore families,₹910 crore a year,,,,,Came weeks after the DMK-led alliance swept all 39 Lok Sabha seats; paid to the TNEB as a budget subsidy.,,distribution,hdb204,https://occult-kranti.github.io/fact-duel/hisaab/#/q/hdb204,Times of India — Jaya on a roll: Power rates go back 2 yrs (1 Jun 2004),https://timesofindia.indiatimes.com/india/jaya-on-a-roll-power-rates-go-back-2-yrs/articleshow/711517.cms
br-floods-crf-2004,2004-07,,2004,Bihar floods: Calamity Relief Fund release,relief,Rahat Kosh (the relief fund),State,BR,Bihar,RJD,,First instalment of Bihar’s ₹81.8 crore CRF held up; ₹30.525 crore released on 12 July,Over a crore people in 16 districts affected (unconfirmed reports),,,,,,The release was delayed because the state had not filed its 2003-04 utilisation report; an inter-ministerial team assessed damage later.,,relief,hrf202,https://occult-kranti.github.io/fact-duel/hisaab/#/q/hrf202,Frontline — Battling Bihar (13 Aug 2004),https://frontline.thehindu.com/other/article30223930.ece
in-food-for-work-2004,2004-07,,2004,National Food for Work Programme,distribution,Seedha Khaate Mein (straight into the account),Centre,IN,India-wide (Centre),UPA,"P. Chidambaram (Union Finance Minister, INC)",Food-for-work in the 150 most backward districts pending a jobs-guarantee law,,"Over ₹6,000 crore pooled from existing schemes",,,,,"The promised guarantee law, NREGA, was enacted in 2005 and rolled out in February 2006.",,distribution,hdb006,https://occult-kranti.github.io/fact-duel/hisaab/#/q/hdb006,"indiabudget.gov.in — Budget Speech 2004-05, P. Chidambaram (8 Jul 2004)",https://www.indiabudget.gov.in/budget_archive/ub2004-05/bs/speecha.htm
mh-free-farm-power-2004,2004-08,,2004,Free farm power before the 2004 poll (Maharashtra),pre-election,Chunav Se Pehle (before the vote),State,MH,Maharashtra,INC,"Sushilkumar Shinde (Chief Minister, Maharashtra, INC)","Free power for farmers, sought only from July 2004 to March 2005",Over 23 lakh farmers,"₹1,590 crore subsidy",Maharashtra Assembly 2004,2004-10,70,"Congress–NCP front retained power: NCP 71, Congress 69 of 288 seats",The Congress–NCP front kept power; its March 2005 budget said it would reconsider this ‘pre-election promise’.,,distribution; pre-election,hdb203,https://occult-kranti.github.io/fact-duel/hisaab/#/q/hdb203,Times of India — Free power for farmers only up to March? (16 Aug 2004),https://timesofindia.indiatimes.com/city/pune/free-power-for-farmers-only-up-to-march/articleshow/816832.cms
hr-old-age-allowance-2004,2004-11,,2004,Old Age Samman Allowance raised to ₹300,pre-election,Chunav Se Pehle (before the vote),State,HR,Haryana,INLD,"Om Prakash Chautala (Chief Minister, Haryana, INLD)",Old-age allowance raised from ₹200 to ₹300 a month,,,Haryana Assembly 2005,2005-02,94,Congress won 67 of 90 seats; INLD 9,The INLD lost the February 2005 poll: the Congress won 67 of 90 seats and the INLD fell to 9.,,distribution; pre-election,hdb101,https://occult-kranti.github.io/fact-duel/hisaab/#/q/hdb101,"Government of Haryana, Social Justice & Empowerment — Old Age Samman Allowance Scheme (rate history, updated Jul 2026)",https://socialjusticehry.gov.in/old-age-samman-allowance-scheme/
in-foreign-disaster-aid-policy-2004,2004-12,,2004,Foreign disaster aid declined (policy),relief,Rahat Kosh (the relief fund),Centre,IN,India-wide (Centre),UPA,"Manmohan Singh (Prime Minister, INC)",After the 2004 tsunami India chose to cope without foreign-government aid; NRI and charity money still allowed,,,,,,,"Offers were declined for Kashmir, Uttarakhand, J&K and Kerala until India accepted Covid aid from about 40 countries in April 2021.",,relief,hrf006; hrf032; hrf024,https://occult-kranti.github.io/fact-duel/hisaab/#/q/hrf006 https://occult-kranti.github.io/fact-duel/hisaab/#/q/hrf032 https://occult-kranti.github.io/fact-duel/hisaab/#/q/hrf024,"Indian Express — Kerala floods: On foreign aid, India follows policy set in tsunami aftermath (22 Aug 2018)",https://indianexpress.com/article/india/kerala-floods-on-foreign-aid-india-follows-policy-set-in-tsunami-aftermath-5318338/
in-12th-fc-disaster-list-2005,2005,,2005,Calamity funds widened (12th Finance Commission),relief,Rahat Kosh (the relief fund),Centre,IN,India-wide (Centre),UPA,,"Landslides, avalanches, cloudbursts and pest attacks added to the list calamity funds pay for",,,,,,,"Central releases to state calamity funds rose from ₹2,623 crore (2005-06) to ₹3,792 crore (2009-10), MHA data show.",,relief,hrf009,https://occult-kranti.github.io/fact-duel/hisaab/#/q/hrf009,"Rajya Sabha Standing Committee on Home Affairs — 261st Report: Disaster Management (Aug 2026), paras 2.13.2–2.13.4",https://bucketapi.rajyasabha.digital/public-bucket/uploads/committee/2026_08_21_committee_3339_976_6a881941b462a.pdf
pb-rakshak-yojana-2005,2005,,2005,Rakshak Yojana (girl child),distribution,Seedha Khaate Mein (straight into the account),State,PB,Punjab,INC,,A girl-child cash-transfer scheme,306 beneficiaries by March 2010,,,,,,An IIPS–UNFPA review for the Planning Commission found paperwork and conditions blunted such schemes.,,distribution,hdb102,https://occult-kranti.github.io/fact-duel/hisaab/#/q/hdb102,Frontline — Off target (27 Jan 2012),https://frontline.thehindu.com/other/article30164012.ece
tn-tsunami-relief-2005,2005-01,,2005,Tsunami relief package (Tamil Nadu),relief,Rahat Kosh (the relief fund),State,TN,Tamil Nadu,AIADMK,"J. Jayalalithaa (Chief Minister, Tamil Nadu, AIADMK)","Clothes, rice, kerosene and ₹400 cash per family; boat repair aid",,,,,,,"The state sought ₹4,800 crore and 54,000 tonnes of rice from the Centre; Frontline noted relief grain leaking to the market.",,relief,hrf105,https://occult-kranti.github.io/fact-duel/hisaab/#/q/hrf105,Frontline — Rebuilding lives (28 Jan 2005),https://frontline.thehindu.com/cover-story/article30203386.ece
in-tsunami-relief-2005,2005-02,,2005,Tsunami relief packages,relief,Rahat Kosh (the relief fund),Centre,IN,India-wide (Centre),UPA,"P. Chidambaram (Union Finance Minister, INC)","Rajiv Gandhi Rehabilitation Package for Tamil Nadu, Kerala, Andhra, Puducherry and the Andamans",,"₹3,644 crore approved; ₹10,216 crore reconstruction plan",,,,,"Parliament’s PAC (2008) found diversions and lapses involving about ₹230 crore; only 250 of 10,000 Andaman houses were built by 2009.",,relief,hrf007; hrf010,https://occult-kranti.github.io/fact-duel/hisaab/#/q/hrf007 https://occult-kranti.github.io/fact-duel/hisaab/#/q/hrf010,"indiabudget.gov.in — Budget Speech 2005-06, P. Chidambaram (28 Feb 2005), para 4",https://www.indiabudget.gov.in/budget_archive/ub2005-06/bs/speecha.htm
in-janani-suraksha-2005,2005-04,,2005,Janani Suraksha Yojana,distribution,Seedha Khaate Mein (straight into the account),Centre,IN,India-wide (Centre),UPA,"Manmohan Singh (Prime Minister, INC)","₹1,400 to a rural mother in low-performing states for a facility birth (₹700 elsewhere)",,,,,,,Institutional births rose from 38.7% (2005-06) to 90.6% (NFHS-6); a 2010 Lancet study linked payment to fewer perinatal deaths.,,distribution,hdb007; hdb016,https://occult-kranti.github.io/fact-duel/hisaab/#/q/hdb007 https://occult-kranti.github.io/fact-duel/hisaab/#/q/hdb016,National Health Mission — Janani Suraksha Yojana (accessed Sep 2026),https://nhm.gov.in/index1.php?lang=1&level=3&sublinkid=841&lid=309
mh-floods-relief-2005,2005-07,,2005,July 2005 floods relief (Maharashtra),relief,Rahat Kosh (the relief fund),State,MH,Maharashtra,INC,"Vilasrao Deshmukh (Chief Minister, Maharashtra, INC)","₹500 crore state relief, with ₹500 crore more cleared by the Centre",Over 1.87 lakh houses damaged; eight lakh families affected,,,,,,"National highway repairs alone were put at over ₹4,100 crore.",,relief,hrf108,https://occult-kranti.github.io/fact-duel/hisaab/#/q/hrf108,Frontline — High water and hell (26 Aug 2005),https://frontline.thehindu.com/cover-story/article30206092.ece
pb-free-farm-power-restored-2005,2005-11,,2005,Free farm power restored (Punjab),pre-election,Chunav Se Pehle (before the vote),State,PB,Punjab,INC,"Amarinder Singh (Chief Minister, Punjab, INC)",Free electricity for farmers restored after a three-year break,,,Punjab Assembly 2007,2007-02,,SAD–BJP won 67 of 117 seats; Congress 44,The SAD–BJP won the February 2007 poll with 67 of 117 seats; the Congress fell from 62 to 44.,,distribution; pre-election,hpe202,https://occult-kranti.github.io/fact-duel/hisaab/#/q/hpe202,Outlook — 2007 Punjab Legislative Assembly Elections (26 Dec 2021),https://www.outlookindia.com/opinion/india-news-2007-punjab-legislative-assembly-elections-news-305311
gj-chiranjeevi-2005,2005-12,,2005,Chiranjeevi Yojana,distribution,Seedha Khaate Mein (straight into the account),State,GJ,Gujarat,BJP,,State pays private obstetricians to deliver poor women’s babies,Over 6 lakh deliveries since 2007,,,,,,A 2014 PLoS One study found it did not change the already rising private-sector share of births; caesareans under it were 6%.,,distribution,hdb403,https://occult-kranti.github.io/fact-duel/hisaab/#/q/hdb403,"PLOS One — De Costa et al., The state-led large scale public private partnership ‘Chiranjeevi Program’ … in Gujarat (2014)",https://journals.plos.org/plosone/article?id=10.1371/journal.pone.0095704
in-disaster-management-act-2005,2005-12,,2005,"Disaster Management Act, 2005",relief,Rahat Kosh (the relief fund),Centre,IN,India-wide (Centre),UPA,,NDMA under the PM; provision for national and state disaster response and mitigation funds,,,,,,,The mitigation fund came only after the 15th Finance Commission (2022); Parliament amended the Act in March 2025.,,relief,hrf008,https://occult-kranti.github.io/fact-duel/hisaab/#/q/hrf008,"PRS Legislative Research — The Disaster Management Act, 2005 (Act No. 53 of 2005), text",https://prsindia.org/files/bills_acts/bills_parliament/2024/Disaster_Management_Act_2005.pdf
tn-chennai-flood-relief-2005,2005-12,,2005,Chennai flood relief camps (2005),relief,Rahat Kosh (the relief fund),State,TN,Tamil Nadu,AIADMK,,Relief token distribution at camps after the 2005 floods,,,,,,,42 died in a stampede at a K.K. Nagar camp; the Supreme Court said it was chiefly due to officers’ negligence.,,relief,hrf107,https://occult-kranti.github.io/fact-duel/hisaab/#/q/hrf107,Rediff (PTI) — TN govt responsible for December 2005 stampede: SC (27 Jan 2006),https://www.rediff.com/news/report/stampede/20060127.htm
br-cycle-yojana-2006,2006,,2006,Mukhyamantri Cycle Yojana,distribution,Seedha Khaate Mein (straight into the account),State,BR,Bihar,JD(U),"Nitish Kumar (Chief Minister, Bihar, JD(U))","₹2,000 to each Class 9 girl to buy a bicycle; opened to boys in 2009-10",1.56 lakh girls (2007-08) to about 11.3 lakh students (2024-25),,,,,,"An IGC study (Mitra & Moene, 2017) found recipients 27.5% more likely to complete Class 10; the model was copied by other states.",,distribution,hdb104; hdb118,https://occult-kranti.github.io/fact-duel/hisaab/#/q/hdb104 https://occult-kranti.github.io/fact-duel/hisaab/#/q/hdb118,"The Indian Express — Two decades ago, Nitish distributed cycles to girls in Class 9. Where are they now? (Nov 2025)",https://indianexpress.com/article/long-reads/two-decades-ago-nitish-distributed-cycles-to-girls-in-class-9-where-are-they-now-10360460/
kl-tsunami-rehabilitation-2006,2006,,2006,Tsunami Rehabilitation Programme (Kerala),relief,Rahat Kosh (the relief fund),State,KL,Kerala,LDF,,Centrally approved rehabilitation programme; ₹284.08 crore moved from coastal protection to housing,,"₹1,441.75 crore programme",,,,,"CAG (2013): 8,549 of 11,000 houses built by July 2012; 72 of 228 chosen villages were not on the coast.",,relief,hrf106,https://occult-kranti.github.io/fact-duel/hisaab/#/q/hrf106,The New Indian Express — 'Grave lapses in Tsunami Rehabilitation Programme' (20 Mar 2013),https://www.newindianexpress.com/states/kerala/2013/Mar/20/grave-lapses-in-tsunami-rehabilitation-programme-460171.html
in-nrega-2006,2006-02,,2006,NREGA / MGNREGA rural jobs guarantee,distribution,Seedha Khaate Mein (straight into the account),Centre,IN,India-wide (Centre),UPA,"Manmohan Singh (Prime Minister, INC); Raghuvansh Prasad Singh (Union Rural Development Minister, RJD)",100 days of wage work a year guaranteed to every rural household,"3.51 crore households in 2008-09; 4,872 crore person-days by 2025","₹86,000 crore (2025-26); about ₹11.7 lakh crore since 2005",,,,,Only 4% of households got 100 days in 2024-25 (PRS). Replaced by the VB-G RAM G Act from 1 July 2026.,,distribution; pre-election,hdb009; hdb008; hsc040; hdb011; hdb014; hpe012; hsc038; hsc039; hsc041; hdb041; hdb328,https://occult-kranti.github.io/fact-duel/hisaab/#/q/hdb009 https://occult-kranti.github.io/fact-duel/hisaab/#/q/hdb008 https://occult-kranti.github.io/fact-duel/hisaab/#/q/hsc040 https://occult-kranti.github.io/fact-duel/hisaab/#/q/hdb011 https://occult-kranti.github.io/fact-duel/hisaab/#/q/hdb014 https://occult-kranti.github.io/fact-duel/hisaab/#/q/hpe012 https://occult-kranti.github.io/fact-duel/hisaab/#/q/hsc038 https://occult-kranti.github.io/fact-duel/hisaab/#/q/hsc039 https://occult-kranti.github.io/fact-duel/hisaab/#/q/hsc041 https://occult-kranti.github.io/fact-duel/hisaab/#/q/hdb041 https://occult-kranti.github.io/fact-duel/hisaab/#/q/hdb328,"The Hindu — NREGS transforms Bandlapalli, where it was launched in 2006 (1 Feb 2021)",https://www.thehindu.com/news/national/andhra-pradesh/nregs-transforms-bandlapalli-where-it-was-launched-in-2006/article33721578.ece
up-unemployment-allowance-2006,2006-02,,2006,"Unemployment allowance (UP, 2006)",distribution,Seedha Khaate Mein (straight into the account),State,UP,Uttar Pradesh,SP,"Mulayam Singh Yadav (Chief Minister, Uttar Pradesh, SP)",₹500 a month to registered unemployed graduates,,₹250 crore a year (estimate),,,,,"Registrations surged; the BSP government scrapped it and the SP revived it at ₹1,000 in 2012.",,distribution,hdb103,https://occult-kranti.github.io/fact-duel/hisaab/#/q/hdb103,Hindustan Times — Unemployment dole (26 Mar 2006),https://www.hindustantimes.com/india/unemployment-dole/story-4nNvKmDAYGRN0MfOx1iDKP.html
tn-co-op-loan-waiver-2006,2006-05,,2006,"Co-operative loan waiver (Tamil Nadu, 2006)",distribution,Seedha Khaate Mein (straight into the account),State,TN,Tamil Nadu,DMK,"M. Karunanidhi (Chief Minister, Tamil Nadu, DMK)",Farmers’ co-operative loans waived; rice at ₹2 a kg; two eggs a week in the noon meal,,"₹6,866 crore (waiver)",,,,,Signed on oath day as the DMK manifesto promised; the DMK-led front had won 163 of 234.,,distribution; pre-election,hpe104,https://occult-kranti.github.io/fact-duel/hisaab/#/q/hpe104,Frontline — Promises to keep (2 Jun 2006),https://frontline.thehindu.com/cover-story/article30209583.ece
tn-free-colour-tv-2006,2006-09,,2006,Free colour TV scheme,distribution,Seedha Khaate Mein (straight into the account),State,TN,Tamil Nadu,DMK,"M. Karunanidhi (Chief Minister, Tamil Nadu, DMK)",A free colour TV for every family without one,14.6 lakh sets in the first ten months,₹530 crore a year (DMK’s 2006 estimate),,,,,The EC halted handouts in March 2011; the AIADMK won 203 of 234 with allies and scrapped it. The SC’s 2013 ruling on freebies arose from it.,,distribution; pre-election,hdb205; hdb206; hdb213; hpe103; hpe108; hpe015,https://occult-kranti.github.io/fact-duel/hisaab/#/q/hdb205 https://occult-kranti.github.io/fact-duel/hisaab/#/q/hdb206 https://occult-kranti.github.io/fact-duel/hisaab/#/q/hdb213 https://occult-kranti.github.io/fact-duel/hisaab/#/q/hpe103 https://occult-kranti.github.io/fact-duel/hisaab/#/q/hpe108 https://occult-kranti.github.io/fact-duel/hisaab/#/q/hpe015,Times of India — 'Free TV' soap opera is a hit in TN (Sep 2006),https://timesofindia.indiatimes.com/india/free-tv-soap-opera-is-a-hit-in-tn/articleshow/1996396.cms
as-floods-majuli-2007,2007,,2007,Assam floods: Majuli package,relief,Rahat Kosh (the relief fund),State,AS,Assam,INC,"Tarun Gogoi (Chief Minister, Assam, INC)",₹100 crore development package for Majuli after the Matmora embankment breach,Over 1.35 lakh islanders displaced,,,,,,"Frontline found most embankments over 40 years old; the state was banking on a ₹1,600 crore ADB-funded flood project.",,relief,hrf203,https://occult-kranti.github.io/fact-duel/hisaab/#/q/hrf203,Frontline — Torrent of sorrow (19 Oct 2007),https://frontline.thehindu.com/other/article30193144.ece
mp-ladli-laxmi-2007,2007-05,,2007,Ladli Laxmi Yojana,distribution,Seedha Khaate Mein (straight into the account),State,MP,Madhya Pradesh,BJP,"Shivraj Singh Chouhan (Chief Minister, Madhya Pradesh, BJP)","Savings certificates of ₹6,000 a year for five years; staged payments and over ₹1 lakh at 21",Over 23 lakh girls by 2016; 3.45 lakh registered in 2020-21,"₹1,363.62 crore (2020-21)",,,,,Registrations and spending peaked in 2020-21; each registration commits the state to about ₹1 lakh at 21.,,distribution,hdb207; hdb244,https://occult-kranti.github.io/fact-duel/hisaab/#/q/hdb207 https://occult-kranti.github.io/fact-duel/hisaab/#/q/hdb244,OneIndia (UNI) — Ladli Lakshmi Yojana in MP (2 May 2007),https://www.oneindia.com/2007/05/02/ladli-lakshmi-yojana-in-mp-1178120286.html
pb-atta-dal-2007,2007-08,,2007,Atta-dal scheme,distribution,Seedha Khaate Mein (straight into the account),State,PB,Punjab,SAD,"Parkash Singh Badal (Chief Minister, Punjab, SAD)",Wheat at ₹4 a kg and chana dal at ₹20 a kg for poor families,,,,,,,Folded into the NFSA; wheat free since Covid. About 23 lakh NFSA beneficiaries were weeded out in two years (Tribune).,,distribution,hdb105,https://occult-kranti.github.io/fact-duel/hisaab/#/q/hdb105,The Tribune — Mann govt to provide free ration kits to 40L families ahead of poll (24 Feb 2026),https://www.tribuneindia.com/news/top-headlines/mann-govt-to-provide-free-ration-kits-to-40l-families-ahead-of-poll/
in-ignoaps-2007,2007-11,,2007,Old-age pension (IGNOAPS / NSAP),distribution,Seedha Khaate Mein (straight into the account),Centre,IN,India-wide (Centre),UPA,,"Central pension for all BPL persons aged 65+ (later 60+), ₹200 a month since 2012",146 lakh pensioners in 2008-09,"₹9,652 crore for NSAP (2025-26)",,,,,A 2026 ministry study found inflation had cut the ₹200’s real value by about 45%; the Centre says no rise is proposed.,,distribution; relief,hdb010; hdb043; hdb033,https://occult-kranti.github.io/fact-duel/hisaab/#/q/hdb010 https://occult-kranti.github.io/fact-duel/hisaab/#/q/hdb043 https://occult-kranti.github.io/fact-duel/hisaab/#/q/hdb033,"indiabudget.gov.in — Interim Budget Speech 2009-10, Pranab Mukherjee (16 Feb 2009)",https://www.indiabudget.gov.in/budget_archive/ub2009-10(I)/bs/speecha.htm
dl-ladli-2008,2008,,2008,Ladli scheme (Delhi),pre-election,Chunav Se Pehle (before the vote),State,DL,Delhi,INC,"Sheila Dikshit (Chief Minister, Delhi, INC)",Instalments through a girl’s schooling plus up to ₹1 lakh at 18,8.84 lakh active beneficiaries (Dec 2022),,Delhi Assembly 2008,2008-11,,Congress won 43 of 70; BJP 23,"CAG (2025): ₹618.38 crore unclaimed, 55% of active beneficiaries unpaid, 16,546 duplicates. To be replaced by Lakhpati Bitiya from April 2026.",,distribution; pre-election,hpe151; hdb128,https://occult-kranti.github.io/fact-duel/hisaab/#/q/hpe151 https://occult-kranti.github.io/fact-duel/hisaab/#/q/hdb128,The New Indian Express — 'Duplicate registrations': CAG exposes Rs 220 crore irregularities in Ladli scheme (27 Feb 2025),https://www.newindianexpress.com/cities/delhi/2025/Feb/27/ladli-scheme-audit-finds-rs-61838-crore-unclaimed-reveals-massive-irregularities
rj-bhamashah-2008,2008,,2008,"Bhamashah, first version",pre-election,Chunav Se Pehle (before the vote),State,RJ,Rajasthan,BJP,"Vasundhara Raje (Chief Minister, Rajasthan, BJP)","Bank accounts for women heads of families, with transfers into them",26 lakh accounts; 10 lakh credited,About ₹160 crore transferred,Rajasthan Assembly 2008,2008-12,,Congress won 96 of 200; BJP 78,The Congress won 96 of 200 in December 2008 and dropped the scheme; it returned in 2014.,,distribution; pre-election,hpe106,https://occult-kranti.github.io/fact-duel/hisaab/#/q/hpe106,The Hindu — Vasundhara to re-launch scheme to empower women (15 Aug 2014),https://www.thehindu.com/news/national/other-states/vasundhara-to-relaunch-scheme-to-empower-women/article6319335.ece
ct-rice-3-a-kg-2008,2008-01,,2008,Rice at ₹3 a kg and salt at 25 paise (Chhattisgarh),pre-election,Chunav Se Pehle (before the vote),State,CT,Chhattisgarh,BJP,"Raman Singh (Chief Minister, Chhattisgarh, BJP)","35 kg of rice a month at ₹3 a kg for BPL families, then salt at 25 paise a kg",Nearly 34 lakh BPL families,₹837 crore (costed at launch),Chhattisgarh Assembly 2008,2008-11,303,BJP retained power with 50 of 90 seats; Congress 38,The BJP kept power in November 2008 with 50 of 90 seats; by 2013 Frontline found even adversaries crediting the cheap-rice scheme.,,distribution; pre-election,hdb208; hpe105,https://occult-kranti.github.io/fact-duel/hisaab/#/q/hdb208 https://occult-kranti.github.io/fact-duel/hisaab/#/q/hpe105,Times of India — Chhattisgarh poor to get rice at Rs 3/kg (17 Jan 2008),https://timesofindia.indiatimes.com/india/chhattisgarh-poor-to-get-rice-at-rs-3/kg/articleshow/2706349.cms
od-mo-kudia-2008,2008-01,,2008,Mo Kudia (My Hut),distribution,Seedha Khaate Mein (straight into the account),State,OD,Odisha,BJD,"Naveen Patnaik (Chief Minister, Odisha, BJD)","State-funded houses (₹25,000 each at first) for poor families left off the BPL list",About 15 lakh households targeted over five years (2014),,,,,,Folded into Biju Pucca Ghar in September 2014.,,distribution,hdb336,https://occult-kranti.github.io/fact-duel/hisaab/#/q/hdb336,The Times of India — Government renames Mo Kudia scheme (12 Sep 2014),https://timesofindia.indiatimes.com/city/bhubaneswar/Government-renames-Mo-Kudia-scheme/articleshow/42329187.cms
in-farm-debt-waiver-2008,2008-02,,2008,Farm debt waiver and relief,pre-election,Chunav Se Pehle (before the vote),Centre,IN,India-wide (Centre),UPA,"P. Chidambaram (Union Finance Minister, INC)",Overdue loans of small and marginal farmers waived; 25% one-time settlement for others,3.6 crore farmers (early reports),"₹60,000 crore estimated; ₹65,300 crore reported in 2009",Lok Sabha 2009,2009-04,412,INC 206 seats; the Congress-led UPA returned with 262,CAG (2013): 8.5% of test-checked beneficiaries ineligible and 13.46% of eligible left out. The UPA returned in 2009 (Congress 206).,,distribution; pre-election,hdb012; hdb013; hdb021; hpe016,https://occult-kranti.github.io/fact-duel/hisaab/#/q/hdb012 https://occult-kranti.github.io/fact-duel/hisaab/#/q/hdb013 https://occult-kranti.github.io/fact-duel/hisaab/#/q/hdb021 https://occult-kranti.github.io/fact-duel/hisaab/#/q/hpe016,"indiabudget.gov.in — Budget Speech 2008-09, P. Chidambaram (29 Feb 2008)",https://www.indiabudget.gov.in/budget_archive/ub2008-09/bs/speecha.htm
in-income-tax-limit-2008,2008-02,,2008,Income-tax exemption limit raised,pre-election,Chunav Se Pehle (before the vote),Centre,IN,India-wide (Centre),UPA,"P. Chidambaram (Union Finance Minister, INC)","Basic exemption raised from ₹1.1 lakh to ₹1.5 lakh; every assessee gained at least ₹4,000",,,Lok Sabha 2009,2009-04,412,"INC won 206 seats, its best since 1991; the Congress-led UPA returned to power",Polling began 412 days later; the Congress won 206 seats. The cited sources make no causal claim.,,pre-election,hpe007,https://occult-kranti.github.io/fact-duel/hisaab/#/q/hpe007,"indiabudget.gov.in — Budget Speech 2008-09, P. Chidambaram (29 Feb 2008)",https://www.indiabudget.gov.in/budget_archive/ub2008-09/bs/speecha.htm
in-rsby-2008,2008-02,,2008,Rashtriya Swasthya Bima Yojana,pre-election,Chunav Se Pehle (before the vote),Centre,IN,India-wide (Centre),UPA,"P. Chidambaram (Union Finance Minister, INC)","₹30,000 hospital cover for BPL families of unorganised-sector workers",Over 46 lakh BPL families by July 2009,₹205 crore central premium share (2008-09),Lok Sabha 2009,2009-04,412,"INC won 206 seats, its best since 1991; the Congress-led UPA returned to power",Its 2009-10 allocation rose 40% to ₹350 crore; the UPA was re-elected in May 2009.,,distribution; pre-election,hpe008,https://occult-kranti.github.io/fact-duel/hisaab/#/q/hpe008,"indiabudget.gov.in — Budget Speech 2008-09, P. Chidambaram (29 Feb 2008)",https://www.indiabudget.gov.in/budget_archive/ub2008-09/bs/speecha.htm
ap-rice-2-a-kg-2008,2008-04,,2008,Rice at ₹2 a kg (Andhra Pradesh),pre-election,Chunav Se Pehle (before the vote),State,AP,Andhra Pradesh,INC,"Y.S. Rajasekhara Reddy (Chief Minister, Andhra Pradesh, INC)","Rice at ₹2 a kg for BPL families, reviving a scheme pioneered by N.T. Rama Rao",About 1.87 crore BPL families (state estimate),,Andhra Pradesh Assembly 2009,2009-04,372,Congress retained power with 156 of 294 seats; TDP 92,The Congress was re-elected in April 2009 with 156 of 294 seats; the TDP won 92.,,distribution; pre-election,hdb209,https://occult-kranti.github.io/fact-duel/hisaab/#/q/hdb209,Times of India — Poll sop: Rice at Rs 2/kg in Andhra (10 Apr 2008),https://timesofindia.indiatimes.com/india/poll-sop-rice-at-rs-2/kg-in-andhra/articleshow/2939135.cms
br-kosi-floods-2008,2008-08,,2008,Kosi floods central aid,relief,Rahat Kosh (the relief fund),Centre,BR,Bihar,UPA,"Manmohan Singh (Prime Minister, INC)","₹1,000 crore and 1.25 lakh tonnes of grain; floods declared a ‘national disaster’",Nearly 20 lakh people displaced,,,,,,"The Centre met Bihar’s ₹1,000 crore request in full and exceeded its grain request.",,relief,hrf011,https://occult-kranti.github.io/fact-duel/hisaab/#/q/hrf011,"Economic Times — PM sanctions Rs 1,000 crore, declares Bihar flood national disaster (29 Aug 2008)",https://economictimes.indiatimes.com/news/politics-and-nation/pm-sanctions-rs-1000-crore-declares-bihar-flood-national-disaster/articleshow/3419064.cms
in-sixth-pay-commission-2008,2008-08,,2008,Sixth Pay Commission award,pre-election,Chunav Se Pehle (before the vote),Centre,IN,India-wide (Centre),UPA,"Pranab Mukherjee (Union Finance Minister, INC)","Pay revised from 1 January 2006; minimum pay ₹7,000 a month",Over 45 lakh employees and 38 lakh pensioners,,Lok Sabha 2009,2009-04,,"INC won 206 seats, its best since 1991; the Congress-led UPA returned to power",The July 2009 budget said non-plan spending rose mainly on the pay award; the UPA had returned with the Congress at 206.,,pre-election,hpe009,https://occult-kranti.github.io/fact-duel/hisaab/#/q/hpe009,"indiabudget.gov.in — Interim Budget 2009-10 speech, Pranab Mukherjee (16 Feb 2009)",https://www.indiabudget.gov.in/budget_archive/ub2009-10(I)/bs/speecha.htm
od-rice-2-a-kg-2008,2008-08,,2008,Rice at ₹2 a kg (Odisha),pre-election,Chunav Se Pehle (before the vote),State,OD,Odisha,BJD,"Naveen Patnaik (Chief Minister, Odisha, BJD)","Rice at ₹2 a kg for poor families, the state paying above the central subsidy (it was ₹4.75 in 2001)",,,Odisha Assembly 2009,2009-04,258,BJD won 103 of 147 seats,The BJD returned with 103 of 147 seats in 2009. No study cited links the result to the scheme.,,distribution; pre-election,hdb313; hdb311,https://occult-kranti.github.io/fact-duel/hisaab/#/q/hdb313 https://occult-kranti.github.io/fact-duel/hisaab/#/q/hdb311,The Indian Express — Naveen is Orissa CM for record fourth time (22 May 2014),https://indianexpress.com/article/political-pulse/naveen-is-orissa-cm-for-record-fourth-time/
tn-rice-1-a-kg-2008,2008-09,,2008,Rice at ₹1 a kg (Tamil Nadu),pre-election,Chunav Se Pehle (before the vote),State,TN,Tamil Nadu,DMK,"M. Karunanidhi (Chief Minister, Tamil Nadu, DMK)",Up to 20 kg of PDS rice a month at ₹1 a kg,1.86 crore ration-card families,About ₹400 crore a year extra,Lok Sabha 2009 (Tamil Nadu),2009-05,256,DMK-led alliance won 27 of 39 seats; AIADMK-led front 12,The DMK-led alliance won 27 of Tamil Nadu’s 39 Lok Sabha seats in 2009.,,distribution; pre-election,hdb210,https://occult-kranti.github.io/fact-duel/hisaab/#/q/hdb210,Times of India — Rice at Re 1 per kg in TN (31 Aug 2008),https://timesofindia.indiatimes.com/city/chennai/rice-at-re-1-per-kg-in-tn-from-sept-5/articleshow/3426920.cms
in-excise-stimulus-2008,2008-12,,2008,Excise cuts and stimulus,pre-election,Chunav Se Pehle (before the vote),Centre,IN,India-wide (Centre),UPA,"Pranab Mukherjee (Union Finance Minister, INC)",CENVAT on non-petroleum goods cut by 6 points in all (Dec 2008–Feb 2009),,"Stimulus of ₹1,86,000 crore; deficit 2.7% to 6.2% of GDP",Lok Sabha 2009,2009-04,51,"INC won 206 seats, its best since 1991; the Congress-led UPA returned to power",The last cut came 51 days before polling; the UPA returned with the Congress at 206 seats.,,pre-election,hpe011,https://occult-kranti.github.io/fact-duel/hisaab/#/q/hpe011,"indiabudget.gov.in — Budget Speech 2009-10, Pranab Mukherjee (6 Jul 2009)",https://www.indiabudget.gov.in/budget_archive/ub2009-10/bs/speecha.htm
gj-garib-kalyan-melas-2009,2009,,2009,Garib Kalyan Melas,distribution,Seedha Khaate Mein (straight into the account),State,GJ,Gujarat,BJP,"Narendra Modi (Chief Minister, Gujarat, BJP)",Public events where scheme benefits and tool kits are handed to poor families,"1.66 crore people via 1,600+ melas (state figure, 2024)","₹36,800 crore handed out in all (state figure, 2024)",,,,,"The 14th round in Sept 2024 was to hand out ₹4,568 crore, CM Bhupendra Patel said.",,distribution,hdb404,https://occult-kranti.github.io/fact-duel/hisaab/#/q/hdb404,"The Indian Express — Gujarat CM Bhupendra Patel launches 14th Garib Kalyan Mela, says Rs 4568 crore to be distributed among poor (27 Sep 2024)",https://indianexpress.com/article/cities/ahmedabad/gujarat-cm-bhupendra-patel-launches-14th-garib-kalyan-mela-9591151/
ka-aasare-flood-houses-2009,2009,,2009,Aasare flood houses,relief,Rahat Kosh (the relief fund),State,KA,Karnataka,BJP,"B.S. Yeddyurappa (Chief Minister, Karnataka, BJP)","1,00,000 houses at ₹1 lakh each for north Karnataka flood victims",,,,,,,"In Raichur, 11,123 of 12,241 houses were built by 2013, but many stood empty for want of water and power.",,relief,hrf109,https://occult-kranti.github.io/fact-duel/hisaab/#/q/hrf109,Frontline — After the deluge (6 Nov 2009),https://frontline.thehindu.com/the-nation/article30188800.ece
mh-slum-cutoff-2009,2009,,2009,Slum regularisation cut-off moved to 2000,pre-election,Chunav Se Pehle (before the vote),State,MH,Maharashtra,INC,"Ashok Chavan (Chief Minister, Maharashtra, INC)",Mumbai slum encroachments up to 2000 made eligible for regularisation,About 75 lakh slum-dwellers in Mumbai,,Maharashtra Assembly 2009,2009-10,,"Congress 82, NCP 62 of 288: the Congress–NCP alliance kept power",The order awaited the Supreme Court as the High Court had barred extensions; the Congress–NCP kept power.,,pre-election,hpe203,https://occult-kranti.github.io/fact-duel/hisaab/#/q/hpe203,Frontline — Promises to Mumbai (23 Oct 2009),https://frontline.thehindu.com/politics/article30188745.ece
up-bundelkhand-package-2009,2009,,2009,Bundelkhand drought package,relief,Rahat Kosh (the relief fund),Centre,UP,Uttar Pradesh,UPA,,Central drought package for Bundelkhand districts of UP and MP,,"₹7,266 crore (2009–12)",,,,,"UP had spent ₹280.99 crore of ₹860.97 crore released by Nov 2011; the Centre extended it with ₹4,400 crore for 2012–17.",,relief,hrf204,https://occult-kranti.github.io/fact-duel/hisaab/#/q/hrf204,The Hindu — Whither Bundelkhand package? (12 Feb 2012),https://www.thehindu.com/news/national/whither-bundelkhand-package/article2883401.ece
wb-subsidised-rice-2009,2009,,2009,"Subsidised rice (West Bengal, 2009)",distribution,Seedha Khaate Mein (straight into the account),State,WB,West Bengal,CPI(M),,Subsidised rice for poor families,2.64 crore BPL people,,,,,,The Left lost power in 2011; the TMC widened coverage by 20% to 3.2 crore.,,distribution,hdb300,https://occult-kranti.github.io/fact-duel/hisaab/#/q/hdb300,"The Indian Express — In Jangalmahal village that once went hungry, 'parivartan' takes the form of affordable rice (28 Mar 2016)",https://indianexpress.com/article/india/india-news-india/west-bengal-assembly-elections-2016-in-jangalmahal-village-that-once-went-hungry-parivartan-takes-the-form-of-affordable-rice/
up-balika-ashirvad-2009,2009-01,,2009,Mahamaya Garib Balika Ashirvad Yojana,pre-election,Chunav Se Pehle (before the vote),State,UP,Uttar Pradesh,BSP,"Mayawati (Chief Minister, Uttar Pradesh, BSP)","₹22,000 savings certificate for each girl born to a BPL family, growing to ₹1 lakh at 18",,"About ₹2,000 crore with a sister scheme",Lok Sabha 2009 (Uttar Pradesh),2009-04,91,"BSP won 20 of UP’s 80 seats; SP 23, Congress 21, BJP 10","The BSP won 20 of UP’s 80 Lok Sabha seats in 2009, behind the SP’s 23.",,distribution; pre-election,hdb106,https://occult-kranti.github.io/fact-duel/hisaab/#/q/hdb106,"The Indian Express — Announced on Maya’s birthday, schemes executed in 20 days (5 Feb 2009)",https://indianexpress.com/article/cities/lucknow/announced-on-maya-s-birthday-schemes-execut/
in-rail-fare-cut-2009,2009-02,,2009,Interim Railway Budget fare cut,pre-election,Chunav Se Pehle (before the vote),Centre,IN,India-wide (Centre),UPA,"Lalu Prasad (Union Railway Minister, RJD)",2% cut in passenger fares across the board,,About ₹700 crore of passenger earnings,Lok Sabha 2009,2009-04,62,"INC won 206 seats, its best since 1991; the Congress-led UPA returned to power",Polling began 62 days later; the UPA returned to power.,,pre-election,hpe010,https://occult-kranti.github.io/fact-duel/hisaab/#/q/hpe010,The Indian Express — 2% fare cut is the only Lalu stimulus (13 Feb 2009),https://indianexpress.com/article/india/india-others/2-fare-cut-is-the-only-lalu-stimulus/
hr-old-age-allowance-2009,2009-03,,2009,Old Age Samman Allowance raised to ₹500–700,pre-election,Chunav Se Pehle (before the vote),State,HR,Haryana,INC,"Bhupinder Singh Hooda (Chief Minister, Haryana, INC)",Old-age allowance raised from ₹300 to ₹500–700 a month,,,Haryana Assembly 2009,2009-10,226,Congress won 40 of 90 seats and formed the government; INLD 31,"The Congress won 40 of 90 seats and formed the government; the allowance rose to ₹1,000 from January 2014.",,distribution; pre-election,hdb107,https://occult-kranti.github.io/fact-duel/hisaab/#/q/hdb107,"Government of Haryana, Social Justice & Empowerment — Old Age Samman Allowance Scheme (rate history, updated Jul 2026)",https://socialjusticehry.gov.in/old-age-samman-allowance-scheme/
wb-cyclone-aila-2009,2009-05,,2009,Cyclone Aila relief,relief,Rahat Kosh (the relief fund),State,WB,West Bengal,CPI(M),"Buddhadeb Bhattacharjee (Chief Minister, West Bengal, CPI(M))","₹40 crore, free rice and dal, tarpaulins",Over 40 lakh people affected,,,,,,"A ₹5,032 crore embankment project followed; three years on, not a kilometre was complete (DTE).",,relief,hrf205,https://occult-kranti.github.io/fact-duel/hisaab/#/q/hrf205,Frontline — Aila's wrath (19 Jun 2009),https://frontline.thehindu.com/the-nation/article30187387.ece
ka-andhra-floods-2009,2009-10,,2009,Karnataka–Andhra floods central aid,relief,Rahat Kosh (the relief fund),Centre,KA,Karnataka,UPA,"Manmohan Singh (Prime Minister, INC)","₹1,000 crore interim relief each for Karnataka and Andhra Pradesh; ₹1 lakh per death",,,,,,,"₹2,000 crore in interim aid, with more promised after central teams assessed the memoranda.",,relief,hrf012,https://occult-kranti.github.io/fact-duel/hisaab/#/q/hrf012,"The Hindu (IANS) — Manmohan winds up survey; announces Rs. 2,000 cr. relief (10 Oct 2009)",https://www.thehindu.com/news/national/Manmohan-winds-up-survey-announces-Rs.-2000-cr.-relief/article16885881.ece
in-sdrf-ndrf-2010,2010,,2010,SDRF and NDRF (13th Finance Commission),relief,Rahat Kosh (the relief fund),Centre,IN,India-wide (Centre),UPA,,Old calamity funds folded into State and National Disaster Response Funds; Centre pays 75% (90% special-category),,"₹33,581 crore allocation (2010–15)",,,,,"NDRF releases peaked at ₹18,531 crore in 2019-20. CAG: only about ₹5,356 crore of ₹11,474 crore of 2024-25 NDRF aid reached states.",,relief,hrf013; hrf027; hrf039,https://occult-kranti.github.io/fact-duel/hisaab/#/q/hrf013 https://occult-kranti.github.io/fact-duel/hisaab/#/q/hrf027 https://occult-kranti.github.io/fact-duel/hisaab/#/q/hrf039,"Rajya Sabha Standing Committee on Home Affairs — 261st Report: Disaster Management (Aug 2026), para 2.13.4",https://bucketapi.rajyasabha.digital/public-bucket/uploads/committee/2026_08_21_committee_3339_976_6a881941b462a.pdf
br-gujarat-kosi-aid-returned-2010,2010-06,,2010,Gujarat’s Kosi aid returned,relief,Rahat Kosh (the relief fund),State,BR,Bihar,JD(U),"Nitish Kumar (Chief Minister, Bihar, JD(U))","₹5 crore from the Gujarat government for 2008 Kosi flood victims, returned by Bihar",,,,,,,Nitish Kumar returned the cheque after newspaper ads; Modi called the return ‘arrogant’ while campaigning in Bihar in 2015.,,relief,hrf110,https://occult-kranti.github.io/fact-duel/hisaab/#/q/hrf110,"Rediff — When Nitish cancelled the Modi dinner (book excerpt, 28 Feb 2014)",https://www.rediff.com/news/slide-show/slide-show-1-when-nitish-cancelled-the-modi-dinner/20140228.htm
in-igmsy-2010,2010-10,,2010,Indira Gandhi Matritva Sahyog Yojana,distribution,Seedha Khaate Mein (straight into the account),Centre,IN,India-wide (Centre),UPA,,"₹4,000 for pregnant and lactating women, in 53 pilot districts",,,,,,,"A 2015 pledge to widen it to 200 districts was unmet by January 2017, when the nationwide PMMVY began.",,distribution,hdb015,https://occult-kranti.github.io/fact-duel/hisaab/#/q/hdb015,"The Indian Express — Maternity benefit scheme: what PM Modi said, where things stand now (5 Jan 2017)",https://indianexpress.com/article/explained/maternity-benefit-scheme-what-pm-modi-said-where-things-stand-now-4459269/
up-garib-arthik-madad-2010,2010-11,,2010,Mahamaya Garib Arthik Madad Yojana,distribution,Seedha Khaate Mein (straight into the account),State,UP,Uttar Pradesh,BSP,"Mayawati (Chief Minister, Uttar Pradesh, BSP)","₹300 a month to BPL families, paid to the woman head",About 31 lakh people,₹535 crore (first phase),,,,,"Launched in all 72 districts at once; the first ₹1,800 instalment covered Oct 2010–Mar 2011.",,distribution,hdb108,https://occult-kranti.github.io/fact-duel/hisaab/#/q/hdb108,The Hindu — Mayawati launches welfare scheme for poor (2 Nov 2010),https://www.thehindu.com/news/national/other-states/Mayawati-launches-welfare-scheme-for-poor/article15672368.ece
kl-karunya-benevolent-fund-2011,2011,,2011,Karunya Benevolent Fund,distribution,Seedha Khaate Mein (straight into the account),State,KL,Kerala,UDF,"K.M. Mani (Finance Minister, Kerala, Kerala Congress (M))","Lottery profits pay poor patients’ treatment for cancer, heart and kidney disease",Nearly 1.5 lakh patients,"About ₹1,400 crore (claimed)",,,,,Folded into the Karunya Arogya Suraksha Padhathi insurance from April 2019.,,distribution,hdb405,https://occult-kranti.github.io/fact-duel/hisaab/#/q/hdb405,The New Indian Express — Legacy lingers post KM Mani’s death (9 Apr 2019),https://www.newindianexpress.com/states/kerala/2019/Apr/09/legacy-lingers-post-km-manis-death-1962419.html
kl-rice-2-apl-2011,2011,,2011,₹2 rice for APL card holders (Kerala),pre-election,Chunav Se Pehle (before the vote),State,KL,Kerala,LDF,"C. Divakaran (Food and Civil Supplies Minister, Kerala, CPI)",6–10 kg of rice a month at ₹2 a kg for above-poverty-line cards,,₹250 crore in the budget,Kerala Assembly 2011,2011-04,,UDF won 72 of 140; LDF 68,The EC held it up during the poll; the UDF won 72 of 140 to the LDF’s 68.,,distribution; pre-election,hpe109,https://occult-kranti.github.io/fact-duel/hisaab/#/q/hpe109,The Hindu — Rice at Rs. 2 a kg in a day or two (19 Apr 2011),https://www.thehindu.com/news/national/kerala/Rice-at-Rs.-2-a-kg-in-a-day-or-two/article14689272.ece
mz-nlup-2011,2011-01,,2011,New Land Use Policy,distribution,Seedha Khaate Mein (straight into the account),State,MZ,Mizoram,INC,"Lalthanhawla (Chief Minister, Mizoram, INC)",₹1.26 lakh per beneficiary over five years to move farmers off jhum cultivation,1.2 lakh farmers,"₹2,873.13 crore",,,,,"The Congress was re-elected in 2013 with 34 of 40 seats, then fell to five in 2018.",,distribution,hdb325,https://occult-kranti.github.io/fact-duel/hisaab/#/q/hdb325,Frontline — Playing the Piper (27 Nov 2013),https://frontline.thehindu.com/politics/playing-the-piper/article5389646.ece
up-mayawati-birthday-projects-2011,2011-01,,2011,Mayawati’s birthday projects,pre-election,Chunav Se Pehle (before the vote),State,UP,Uttar Pradesh,BSP,"Mayawati (Chief Minister, Uttar Pradesh, BSP)","699 projects and schemes, a 10% DA rise, mobile hospital vans and a public-services law",,"More than ₹4,000 crore",UP Assembly 2012,2012-02,389,SP won 224 of 403 seats; the BSP lost power,"The SP won 224 of 403 seats in 2012, ending BSP rule.",,pre-election,hpe204,https://occult-kranti.github.io/fact-duel/hisaab/#/q/hpe204,India Today — Maya gifts 699 projects on b'day (16 Jan 2011),https://www.indiatoday.in/india/north/story/up-mayawati-gifts-699-welfare-schemes-projects-on-bday-126665-2011-01-15
wb-iit-kharagpur-grant-2011,2011-02,,2011,Budget 2011-12: IIT Kharagpur grant,pre-election,Chunav Se Pehle (before the vote),Centre,WB,West Bengal,UPA,"Pranab Mukherjee (Union Finance Minister, INC)","₹200 crore one-time grant to IIT Kharagpur, plus grants to Kolkata institutions",,,West Bengal Assembly 2011,2011-04,,"Trinamool Congress won 184 of 294 seats; Left Front fell to 61, ending 34 years in power","The TMC won 184 of 294 seats, ending 34 years of Left rule. No cited source ties the result to the budget.",,pre-election,hpe013,https://occult-kranti.github.io/fact-duel/hisaab/#/q/hpe013,"indiabudget.gov.in — Budget Speech 2011-12, Pranab Mukherjee (28 Feb 2011)",https://www.indiabudget.gov.in/budget2011-2012/ub2011-12/bs/bs.pdf
tn-mixies-grinders-fans-2011,2011-06,,2011,"Mixers, grinders and fans",distribution,Seedha Khaate Mein (straight into the account),State,TN,Tamil Nadu,AIADMK,"J. Jayalalithaa (Chief Minister, Tamil Nadu, AIADMK)","A mixer, a grinder and a fan for women, in phases",About 1.83 crore women (25 lakh packages in 2011-12),,,,,,The SC held in 2013 that such promises are not a corrupt practice; in August 2022 it said a three-judge bench would reconsider that.,,distribution; pre-election,hdb211; hpe113,https://occult-kranti.github.io/fact-duel/hisaab/#/q/hdb211 https://occult-kranti.github.io/fact-duel/hisaab/#/q/hpe113,The Indian Express — A little bit more: How Jayalalithaa’s freebies compare to what she’s offered before (6 May 2016),https://indianexpress.com/article/india/india-news-india/a-little-bit-more-how-ammas-freebies-compare-to-what-shes-offered-before-2787325/
sk-earthquake-central-aid-2011,2011-09,,2011,Sikkim earthquake central aid,relief,Rahat Kosh (the relief fund),Centre,SK,Sikkim,UPA,"Manmohan Singh (Prime Minister, INC)","₹1,000 crore for relief and rehabilitation",,,,,,,Against a state damage estimate of about ₹1 lakh crore; an expert team on quake-safe rebuilding was to follow.,,relief,hrf014,https://occult-kranti.github.io/fact-duel/hisaab/#/q/hrf014,"The Hindu — Rs.1,000-crore Central aid for quake-hit Sikkim (29 Sep 2011)",https://www.thehindu.com/news/national/rs1000crore-central-aid-for-quakehit-sikkim/article2497796.ece
tn-free-laptops-2011,2011-09,,2011,Free laptop scheme (Tamil Nadu),distribution,Seedha Khaate Mein (straight into the account),State,TN,Tamil Nadu,AIADMK,"J. Jayalalithaa (Chief Minister, Tamil Nadu, AIADMK)",Free laptops for Class 12 and college students,51.67 lakh laptops by 2019,"₹6,456 crore initial; ₹7,257.61 crore by 2019",,,,,Halted in Covid and discontinued in 2021; the DMK revived laptops or tablets in its 2025-26 budget.,,distribution,hdb212,https://occult-kranti.github.io/fact-duel/hisaab/#/q/hdb212,The New Indian Express — 100 percentage free laptops distributed to all (4 Feb 2016),https://www.newindianexpress.com/states/tamil-nadu/2016/Feb/04/100-percentage-free-laptops-distributed-to-all-888402.html
rj-free-medicines-2011,2011-10,,2011,Mukhyamantri Nishulk Dawa Yojana,distribution,Seedha Khaate Mein (straight into the account),State,RJ,Rajasthan,INC,"Ashok Gehlot (Chief Minister, Rajasthan, INC)",Free essential medicines at government health centres,52.4 crore beneficiary visits (Oct 2011–Dec 2017),,,,,,It ran through the BJP’s 2013–18 term; the 2019 budget widened it to 712 medicines and 90 tests.,,distribution,hdb109,https://occult-kranti.github.io/fact-duel/hisaab/#/q/hdb109,The Indian Express — Explained: What is Rajasthan’s free medicine scheme (13 Jul 2019),https://indianexpress.com/article/explained/explained-rajasthan-free-medicine-scheme-5827614/
mh-drought-fodder-camps-2012,2012,,2012,Drought fodder camps (Maharashtra),relief,Rahat Kosh (the relief fund),State,MH,Maharashtra,INC,"Prithviraj Chavan (Chief Minister, Maharashtra, INC)","553 fodder camps for 4.52 lakh cattle; water tankers to 1,663 villages",,"₹749.29 crore for camps; ₹2,000 crore on relief",,,,,Down To Earth argued villages with the most sugarcane were among the worst hit for drinking water.,,relief,hrf113,https://occult-kranti.github.io/fact-duel/hisaab/#/q/hrf113,Down To Earth — Drought of equity (15 Mar 2013),https://www.downtoearth.org.in/environment/drought-of-equity-40606
up-free-laptops-2012,2012,,2012,"Free laptops (UP, 2012–14)",distribution,Seedha Khaate Mein (straight into the account),State,UP,Uttar Pradesh,SP,"Akhilesh Yadav (Chief Minister, Uttar Pradesh, SP)",Free laptops for Class 12 passouts,14.35 lakh laptops handed out,"₹2,822.71 crore",,,,,"CAG (2015): 4.55 lakh eligible students left out, ₹598.33 crore unspent; the tablet plan was dropped.",,distribution,hdb111,https://occult-kranti.github.io/fact-duel/hisaab/#/q/hdb111,"The Indian Express — Free laptops: CAG punches holes, says excessively funded yet short of target (27 Mar 2015)",https://indianexpress.com/article/cities/lucknow/free-laptops-cag-punches-holes-says-excessively-funded-yet-short-of-target/
tn-cyclone-thane-2012,2012-01,,2012,Cyclone Thane: interim central relief,relief,Rahat Kosh (the relief fund),Centre,TN,Tamil Nadu,UPA,"Manmohan Singh (Prime Minister, INC)",₹500 crore for Tamil Nadu and ₹125 crore for Puducherry,,,,,,,"Against about ₹5,250 crore sought; Cuddalore alone accounted for over ₹4,000 crore of losses.",,relief,hrf206,https://occult-kranti.github.io/fact-duel/hisaab/#/q/hrf206,The Hindu — Rs. 500-crore cyclone relief from Centre (10 Jan 2012),https://www.thehindu.com/news/national/tamil-nadu/rs-500crore-cyclone-relief-from-centre/article2790513.ece
ga-griha-aadhar-2012,2012-03,,2012,Griha Aadhar,distribution,Seedha Khaate Mein (straight into the account),State,GA,Goa,BJP,"Manohar Parrikar (Chief Minister, Goa (announced it in the 2012 budget), BJP)","Monthly allowance for married women in households under ₹3 lakh: ₹1,000 at start, ₹1,500 in 2026",,₹249 crore (2026-27 budget),,,,,"First sanction letters went out in Jan 2013; 50,000 beneficiaries were put on hold in May 2026 for missing certificates.",,distribution,hdb217; hst218,https://occult-kranti.github.io/fact-duel/hisaab/#/q/hdb217 https://occult-kranti.github.io/fact-duel/hisaab/#/q/hst218,Times of India — 'Griha Aadhar' scheme to be launched today (4 Jan 2013),https://timesofindia.indiatimes.com/city/goa/griha-aadhar-scheme-to-be-launched-today/articleshow/17879571.cms
up-unemployment-allowance-2012,2012-03,,2012,"Unemployment allowance (UP, 2012)",distribution,Seedha Khaate Mein (straight into the account),State,UP,Uttar Pradesh,SP,"Akhilesh Yadav (Chief Minister, Uttar Pradesh, SP)","₹1,000 a month for registered jobseekers over 35",About 9 lakh,"₹1,100 crore a year (estimate); ₹20.58 crore paid in 2012-13",,,,,An SP poll promise; the CAG found ₹15.06 crore spent on functions to hand out ₹20.58 crore of cheques.,,distribution; pre-election,hpe110; hdb110,https://occult-kranti.github.io/fact-duel/hisaab/#/q/hpe110 https://occult-kranti.github.io/fact-duel/hisaab/#/q/hdb110,The Hindu — Slew of populist measures by Akhilesh on Day 1 (15 Mar 2012),https://www.thehindu.com/news/national/slew-of-populist-measures-by-akhilesh-on-day-1/article2998039.ece
as-floods-central-aid-2012,2012-07,,2012,Assam floods ad hoc central aid,relief,Rahat Kosh (the relief fund),Centre,AS,Assam,UPA,"Manmohan Singh (Prime Minister, INC)",₹500 crore ad hoc assistance announced after an aerial survey,"Nearly 20 lakh people in over 2,000 villages affected",,,,,,Announced with 4.84 lakh people in 768 relief camps and 6.58 lakh hectares of crops submerged.,,relief,hrf015,https://occult-kranti.github.io/fact-duel/hisaab/#/q/hrf015,Rediff (PTI) — Assam floods: PM announces Rs 500 crore aid (2 Jul 2012),https://www.rediff.com/news/slide-show/slide-show-1-assam-floods-77-dead-pm-announces-rs-500-crore-aid/20120702.htm
ct-food-security-act-2012,2012-12,,2012,Chhattisgarh Food Security Act,pre-election,Chunav Se Pehle (before the vote),State,CT,Chhattisgarh,BJP,"Raman Singh (Chief Minister, Chhattisgarh, BJP)","A legal food guarantee for almost 90% of the state’s people, passed ahead of the national law",About 50 lakh families,"Over ₹2,311 crore",Chhattisgarh Assembly 2013,2013-11,324,BJP won 49 of 90; Congress 39,The BJP won a third straight term in November 2013 with 49 of 90 seats; the Congress took 39.,,distribution; pre-election,hpe111,https://occult-kranti.github.io/fact-duel/hisaab/#/q/hpe111,Mint — Chhattisgarh food security Bill puts UPA under pressure (26 Dec 2012),https://www.livemint.com/Politics/bS3giFXXxO7vUaLtUmJLBK/Chhattisgarh-food-security-Bill-puts-UPA-under-pressure.html
dl-annashree-2012,2012-12,,2012,Dilli Annashree Yojana,pre-election,Chunav Se Pehle (before the vote),State,DL,Delhi,INC,"Sheila Dikshit (Chief Minister, Delhi, INC)",₹600 a month to the senior-most woman of poor families not covered by other schemes,About 2 lakh families,,Delhi Assembly 2013,2013-12,354,"BJP 31, AAP 28, Congress 8 of 70",In the December 2013 poll the Congress fell to 8 of 70 seats; the BJP won 31 and the AAP 28.,,distribution; pre-election,hpe112,https://occult-kranti.github.io/fact-duel/hisaab/#/q/hpe112,"India Today — Rs 600 per month enough to support a family of five, says Sheila Dikshit (16 Dec 2012)",https://www.indiatoday.in/india/north/story/sheila-dikshit-rs-600-per-month-dal-roti-chawal-family-of-five-india-today-124449-2012-12-15
hp-scholarship-payouts-2013,2013,,2013,"Scholarship payouts (Himachal, 2013–17)",distribution,Seedha Khaate Mein (straight into the account),State,HP,Himachal Pradesh,INC,,"Scholarships for students, about 80% of which went to private institutions","About 32,000 students went unpaid",,,,,,CBI case (2019): chargesheet in March 2024 against 20 institutions and 105 people over about ₹181 crore of alleged fake claims (2013–17).,,distribution,hst123,https://occult-kranti.github.io/fact-duel/hisaab/#/q/hst123,"The Hindu — Himachal scholarship scam: CBI files charge sheet against 20 institutes, 105 individuals (29 Mar 2024)",https://www.thehindu.com/news/national/himachal-pradesh/himachal-multi-crore-scholarship-scam-cbi-files-charge-sheet-against-20-institutes-105-individuals/article68005966.ece
in-dbt-rollout-2013,2013-01,,2013,Direct Benefit Transfer,distribution,Seedha Khaate Mein (straight into the account),Centre,IN,India-wide (Centre),UPA,"Jairam Ramesh (Union Rural Development Minister (launched DBT in Andhra Pradesh, 2013), INC)","Aadhaar-linked cash transfers for pensions, scholarships and MGNREGS wages",320 schemes across 56 ministries (2026),,,,,,The DBT portal credits it with ₹5.14 lakh crore of ‘estimated gains’ (govt figure); researchers want exclusion errors evaluated.,,distribution,hsc056; hsc055,https://occult-kranti.github.io/fact-duel/hisaab/#/q/hsc056 https://occult-kranti.github.io/fact-duel/hisaab/#/q/hsc055,The Hindu — Direct Benefit Transfer scheme finally gets going (7 Jan 2013),https://www.thehindu.com/todays-paper/direct-benefit-transfer-scheme-finally-gets-going/article4281371.ece
ct-budget-2013-raipur,2013-02,,2013,Budget 2013-14: Raipur institute,pre-election,Chunav Se Pehle (before the vote),Centre,CT,Chhattisgarh,UPA,"P. Chidambaram (Union Finance Minister, INC)","A National Institute of Biotic Stress Management at Raipur; ₹1,000 crore for eastern green-revolution states",,,Chhattisgarh Assembly 2013,2013-11,,BJP retained power with 49 of 90 seats; Congress 39,The BJP retained Chhattisgarh in November 2013 with 49 of 90 seats.,,pre-election,hpe017,https://occult-kranti.github.io/fact-duel/hisaab/#/q/hpe017,"indiabudget.gov.in — Budget Speech 2013-14, P. Chidambaram (28 Feb 2013)",https://www.indiabudget.gov.in/budget2013-2014/ub2013-14/bs/bs.pdf
od-rice-1-a-kg-2013,2013-02,,2013,Rice at ₹1 a kg (Odisha),distribution,Seedha Khaate Mein (straight into the account),State,OD,Odisha,BJD,"Naveen Patnaik (Chief Minister, Odisha, BJD)",25 kg a month at ₹1 a kg for BPL families,,,,,,,The BJD won 117 of 147 in 2014; a state food scheme for 25 lakh people outside the NFSA followed in 2018.,,distribution,hdb314,https://occult-kranti.github.io/fact-duel/hisaab/#/q/hdb314,Frontline — Egg on the face (3 Feb 2016),https://frontline.thehindu.com/the-nation/egg-on-the-face/article8182741.ece
tn-amma-canteens-2013,2013-02,,2013,Amma Canteens,distribution,Seedha Khaate Mein (straight into the account),State,TN,Tamil Nadu,AIADMK,"J. Jayalalithaa (Chief Minister, Tamil Nadu (launched it, Feb 2013), AIADMK)","Subsidised meals, including about 45 lakh idlis a day at breakfast",About 400 canteens (2021),,,,,,The DMK kept the scheme and its name in 2021 and announced 200 more canteens.,,distribution,hst250,https://occult-kranti.github.io/fact-duel/hisaab/#/q/hst250,Down To Earth — How Tamil Nadu’s Amma Canteen scheme stood the test of time (5 Jul 2021),https://www.downtoearth.org.in/governance/how-tamil-nadu-s-amma-canteen-scheme-stood-the-test-of-time-77776
in-iay-grant-2013,2013-04,,2013,Indira Awaas Yojana grant raised,distribution,Seedha Khaate Mein (straight into the account),Centre,IN,India-wide (Centre),UPA,"P. Chidambaram (Union Finance Minister (IAY allocation, Budget 2013-14), INC)","Grant for a new rural house raised from ₹45,000 to ₹70,000 (₹75,000 in hill areas)",,"₹15,184 crore (Budget 2013-14)",,,,,10.93 lakh of 24.81 lakh targeted houses were built in 2013-14 (Economic Survey).,,distribution,hdb406,https://occult-kranti.github.io/fact-duel/hisaab/#/q/hdb406,"Ministry of Finance — Economic Survey 2012-13, Chapter 13 (2013)",https://www.indiabudget.gov.in/budget2013-2014/es2012-13/echap-13.pdf
mp-annapurna-2013,2013-04,,2013,Mukhyamantri Annapurna Yojana,pre-election,Chunav Se Pehle (before the vote),State,MP,Madhya Pradesh,BJP,"Shivraj Singh Chouhan (Chief Minister, Madhya Pradesh, BJP)",Wheat and salt at ₹1 a kg and rice at ₹2 for poor families,About 74 lakh households,"₹1,000 crore of state funds",Madhya Pradesh Assembly 2013,2013-11,177,BJP retained power with 165 of 230 seats,At one second-phase launch thousands went home empty-handed; the BJP won 165 of 230 in November 2013.,,distribution; pre-election,hdb214,https://occult-kranti.github.io/fact-duel/hisaab/#/q/hdb214,Times of India — Madhya Pradesh using its finances for Annapurna scheme: Govt (5 Jun 2013),https://timesofindia.indiatimes.com/city/bhopal/madhya-pradesh-using-its-finances-for-annapurna-scheme-govt/articleshow/20434115.cms
rj-free-tests-2013,2013-04,,2013,Free diagnostic tests (Rajasthan),pre-election,Chunav Se Pehle (before the vote),State,RJ,Rajasthan,INC,"Ashok Gehlot (Chief Minister, Rajasthan, INC)",Free diagnostic tests added to the free-medicine scheme,,Free medicines ₹341 crore (2012-13),Rajasthan Assembly 2013,2013-12,,BJP won 163 of 200 seats; Congress 21,The BJP won 163 of 200 seats in December 2013; the Congress fell to 21.,,distribution; pre-election,hpe206,https://occult-kranti.github.io/fact-duel/hisaab/#/q/hpe206,The New Indian Express — Vasundhara Raje: 'Maharani' CM's raj loses to Congress (11 Dec 2018),https://www.newindianexpress.com/elections/rajasthan-elections/2018/Dec/11/vasundhara-raje-maharani-cms-raj-loses-to-congress-to-fight-another-day-1910126.html
ka-anna-bhagya-2013,2013-05,,2013,Anna Bhagya (₹1 rice),distribution,Seedha Khaate Mein (straight into the account),State,KA,Karnataka,INC,"Siddaramaiah (Chief Minister, Karnataka, INC)",30 kg of rice a month at ₹1 a kg for BPL families,About 98 lakh BPL families,"About ₹4,200 crore a year",,,,,"Ragi, jowar and wheat were added at ₹1 a kg; the 2023 version promised 10 kg free per person.",,distribution,hdb215,https://occult-kranti.github.io/fact-duel/hisaab/#/q/hdb215,"The New Indian Express — Karnataka to sell wheat, millets at Re 1 per kg to poor (26 Aug 2013)",https://www.newindianexpress.com/states/karnataka/2013/Aug/26/karnataka-to-sell-wheat-millets-at-re.1-per-kg-to-poor-510572.html
in-dbtl-lpg-2013,2013-06,,2013,LPG subsidy cash transfer (DBTL),distribution,Seedha Khaate Mein (straight into the account),Centre,IN,India-wide (Centre),UPA,"M. Veerappa Moily (Union Petroleum & Natural Gas Minister, INC)","₹435 per refill into bank accounts, up to nine subsidised cylinders a year",2.1 crore consumers in 291 districts,"₹3,370 crore transferred by Feb 2014",,,,,Put on hold in January 2014; relaunched as PAHAL in November 2014.,,distribution,hdb017,https://occult-kranti.github.io/fact-duel/hisaab/#/q/hdb017,The Hindu — LPG subsidy to be credited directly in bank accounts from June 1 in 18 districts (29 May 2013),https://www.thehindu.com/business/Economy/lpg-subsidy-to-be-credited-directly-in-bank-accounts-from-june-1-in-18-districts/article4762963.ece
ut-cm-relief-fund-2013,2013-06,,2013,CM’s relief fund after the Kedarnath floods,relief,Rahat Kosh (the relief fund),State,UT,Uttarakhand,INC,,Public and corporate donations for flood relief,,Over ₹181 crore in three weeks (Coal India ₹50 crore),,,,,CM Vijay Bahuguna resigned in January 2014 after criticism of the slow rescue.,,relief,hrf111,https://occult-kranti.github.io/fact-duel/hisaab/#/q/hrf111,Business Standard — Uttarakhand donations top Rs 180 crore (5 Jul 2013),https://www.business-standard.com/article/specials/uttarakhand-donations-top-rs-180-crore-113070500577_1.html
ut-flood-relief-spending-2013,2013-06,,2013,Uttarakhand 2013 flood relief (state spending),relief,Rahat Kosh (the relief fund),State,UT,Uttarakhand,INC,,Relief and restoration after the 2013 floods,,"₹7,981 crore committed; about ₹733.53 crore spent (CAG)",,,,,CAG (2015) found delays in 92% of assistance cases; an inquiry into RTI-exposed relief bills found no irregularities.,,relief,hrf116; hrf115,https://occult-kranti.github.io/fact-duel/hisaab/#/q/hrf116 https://occult-kranti.github.io/fact-duel/hisaab/#/q/hrf115,Mint — CAG report slams Uttarakhand govt (6 Nov 2015),https://www.livemint.com/Politics/F94DyJe65ya152ypFp15gO/CAG-report-slams-Uttarakhand-govt.html
ut-pmnrf-aid-2013,2013-06,,2013,Uttarakhand floods: PM’s aid and PMNRF ex gratia,relief,Rahat Kosh (the relief fund),Centre,UT,Uttarakhand,UPA,"Manmohan Singh (Prime Minister, INC)","₹1,000 crore for the state; ₹2 lakh per death from PMNRF",,,,,,,"By December 2013 PMNRF had given ₹154 crore and the Centre had released ₹1,090 crore of ₹1,114 crore sanctioned.",,relief,hrf016,https://occult-kranti.github.io/fact-duel/hisaab/#/q/hrf016,The Hindu — PM announces Rs. 1000 cr. relief for Uttarakhand (19 Jun 2013),https://www.thehindu.com/news/national/other-states/pm-announces-rs-1000-cr-relief-for-uttarakhand/article4829561.ece
in-nfsa-2013,2013-07,,2013,National Food Security Act,pre-election,Chunav Se Pehle (before the vote),Centre,IN,India-wide (Centre),UPA,"K.V. Thomas (Minister of State, Consumer Affairs, Food & Public Distribution, INC)","5 kg of grain a month at ₹3/₹2/₹1 a kg; maternity benefit of at least ₹6,000",Up to 75% of rural and 50% of urban people (67% overall),,Lok Sabha 2014,2014-04,276,BJP 282 of 543; INC 44,"Grain became free from January 2023 (PMGKAY). At the 2014 poll, 276 days after the ordinance, the Congress fell to 44 seats.",,distribution; pre-election,hdb018; hdb019; hdb020; hsc021,https://occult-kranti.github.io/fact-duel/hisaab/#/q/hdb018 https://occult-kranti.github.io/fact-duel/hisaab/#/q/hdb019 https://occult-kranti.github.io/fact-duel/hisaab/#/q/hdb020 https://occult-kranti.github.io/fact-duel/hisaab/#/q/hsc021,Frontline — Food for security (4 Sep 2013),https://frontline.thehindu.com/the-nation/food-for-security/article5085111.ece
ka-ksheera-bhagya-2013,2013-08,,2013,Ksheera Bhagya,distribution,Seedha Khaate Mein (straight into the account),State,KA,Karnataka,INC,"Siddaramaiah (Chief Minister, Karnataka, INC)",150 ml of milk three times a week for children in schools and anganwadis,1.04 crore children,₹384 crore a year,,,,,Milk subsidy to 7.5 lakh dairy farmers was doubled to ₹4 a litre at ₹818 crore a year.,,distribution,hdb216,https://occult-kranti.github.io/fact-duel/hisaab/#/q/hdb216,"The New Indian Express — Karnataka to sell wheat, millets at Re 1 per kg to poor (26 Aug 2013)",https://www.newindianexpress.com/states/karnataka/2013/Aug/26/karnataka-to-sell-wheat-millets-at-re.1-per-kg-to-poor-510572.html
in-seventh-pay-commission-2013,2013-09,,2013,Seventh Pay Commission announced,pre-election,Chunav Se Pehle (before the vote),Centre,IN,India-wide (Centre),UPA,"P. Chidambaram (Union Finance Minister, INC); Manmohan Singh (Prime Minister, INC)","A new pay commission, expected to take effect from 1 January 2016",Nearly 80 lakh employees and pensioners,,Lok Sabha 2014,2014-04,194,BJP won 282 of 543 seats; the UPA lost office,"The UPA lost the 2014 poll; the NDA implemented the award from January 2016, as projected.",,pre-election,hpe018,https://occult-kranti.github.io/fact-duel/hisaab/#/q/hpe018,The Economic Times — Government announces Seventh Central Pay Commission (26 Sep 2013),https://m.economictimes.com/news/economy/policy/government-announces-seventh-central-pay-commission/articleshow/23038399.cms
od-phailin-2013,2013-10,,2013,Cyclone Phailin: advance sought,relief,Rahat Kosh (the relief fund),State,OD,Odisha,BJD,,"A ₹1,000 crore central advance sought over the ₹523 crore SDRF corpus",,,,,,,"The state put damage at ₹4,242.41 crore; Frontline reported protests over slow aid.",,relief,hrf112,https://occult-kranti.github.io/fact-duel/hisaab/#/q/hrf112,Frontline — After Phailin (30 Oct 2013),https://frontline.thehindu.com/environment/after-phailin/article5281245.ece
wb-kanyashree-2013,2013-10,,2013,Kanyashree Prakalpa,distribution,Seedha Khaate Mein (straight into the account),State,WB,West Bengal,TMC,"Mamata Banerjee (Chief Minister, West Bengal, TMC)","Conditional cash to stay in school and delay marriage: ₹750 (later ₹1,000) a year for girls 13–18, ₹25,000 at 18",81 lakh girls (2023-24 budget),"₹1,250 crore a year (2018)",,,,,Won a UN award in 2017; NFHS-5 still found 41.6% of Bengal women aged 20–24 married before 18.,,distribution,hdb301,https://occult-kranti.github.io/fact-duel/hisaab/#/q/hdb301,The Hindu — Bengal assistance for marriage of poor women (31 Jan 2018),https://www.thehindu.com/news/national/bengal-assistance-for-marriage-of-poor-women/article22613215.ece
ut-reconstruction-package-2013,2013-12,,2013,Uttarakhand reconstruction package,relief,Rahat Kosh (the relief fund),Centre,UT,Uttarakhand,UPA,"Manmohan Singh (Prime Minister (chair, Cabinet Committee on Uttarakhand), INC)","Reconstruction via externally aided projects, central schemes, NDRF and special plan assistance",,"₹7,346 crore",,,,,"Externally aided projects made up 43%; the NDRF share was ₹1,200 crore (16%).",,relief,hrf017,https://occult-kranti.github.io/fact-duel/hisaab/#/q/hrf017,"The Hindu — Centre approves Rs. 7,346 crore compensation package for Uttarakhand (11 Dec 2013)",https://www.thehindu.com/news/national/other-states/centre-approves-rs-7346-crore-compensation-package-for-uttarakhand/article5444877.ece
in-lpg-cap-12-2014,2014-01,,2014,Subsidised LPG cap raised to 12,pre-election,Chunav Se Pehle (before the vote),Centre,IN,India-wide (Centre),UPA,"M. Veerappa Moily (Union Petroleum Minister, INC)",Yearly cap on subsidised cylinders raised from nine to 12,,"₹5,000 crore a year extra",Lok Sabha 2014,2014-04,67,BJP won 282 of 543 seats; the UPA lost office,Polling began 67 days later and the BJP won 282 of 543; a minister said it was ‘not an election-related decision’.,,distribution; pre-election,hpe019,https://occult-kranti.github.io/fact-duel/hisaab/#/q/hpe019,The Indian Express — Govt suspends LPG subsidy transfer scheme; hikes cylinder quota from 9 to 12 (30 Jan 2014),https://indianexpress.com/article/india/india-others/cabinet-accepts-rahul-gandhis-lpg-subsidy-demand-increases-cap-from-9-to-12/
mh-power-tariff-cut-2014,2014-01,,2014,Power tariff cut of 2014 (Maharashtra),pre-election,Chunav Se Pehle (before the vote),State,MH,Maharashtra,INC,"Prithviraj Chavan (Chief Minister, Maharashtra, INC)",Power tariffs cut by about 20%,,"₹606 crore a month; ₹8,400 crore in all",Maharashtra Assembly 2014,2014-10,,"BJP 122, Shiv Sena 63, Congress 42, NCP 41 of 288","The Congress–NCP lost power in October 2014: BJP 122, Shiv Sena 63, Congress 42, NCP 41.",,distribution; pre-election,hpe208,https://occult-kranti.github.io/fact-duel/hisaab/#/q/hpe208,The Indian Express — 'Power tariff in Maharashtra will remain higher than other states' (23 Jan 2014),https://indianexpress.com/article/cities/mumbai/power-tariff-in-maharashtra-will-remain-higher-than-other-states/
in-education-loan-interest-2014,2014-02,,2014,Education-loan interest taken over,pre-election,Chunav Se Pehle (before the vote),Centre,IN,India-wide (Centre),UPA,"P. Chidambaram (Union Finance Minister, INC)",Centre paid unpaid interest on pre-April 2009 education loans; OROP accepted in principle,Nearly 9 lakh borrowers,"About ₹2,600 crore",Lok Sabha 2014,2014-04,49,BJP 282 of 543; INC 44,Polling began 49 days later; the UPA lost office and the Congress won 44 seats.,,distribution; pre-election,hdb022,https://occult-kranti.github.io/fact-duel/hisaab/#/q/hdb022,"indiabudget.gov.in — Interim Budget Speech 2014-15, P. Chidambaram (17 Feb 2014)",https://www.indiabudget.gov.in/budget2014-2015(I)/ub2014-15/bs/bs.pdf
in-interim-budget-2014-excise,2014-02,,2014,Interim budget 2014 excise cuts,pre-election,Chunav Se Pehle (before the vote),Centre,IN,India-wide (Centre),UPA,"P. Chidambaram (Union Finance Minister, INC)","Excise on small cars and two-wheelers cut from 12% to 8%; cuts on SUVs, capital and consumer goods",,,Lok Sabha 2014,2014-04,49,BJP won 282 of 543 seats; the UPA lost office,Polling began 49 days later; the BJP won 282 of 543 seats.,,pre-election,hpe020,https://occult-kranti.github.io/fact-duel/hisaab/#/q/hpe020,"indiabudget.gov.in — Interim Budget 2014-15 speech, P. Chidambaram (17 Feb 2014)",https://www.indiabudget.gov.in/budget2014-2015(I)/ub2014-15/bs/bs.pdf
mh-hailstorm-relief-2014,2014-03,,2014,Hailstorm relief under the model code,relief,Rahat Kosh (the relief fund),State,MH,Maharashtra,INC,"Prithviraj Chavan (Chief Minister, Maharashtra, INC)","₹4,000 crore package: ₹2,000 crore direct aid plus bill waivers and loan restructuring",,,Lok Sabha 2014 (Maharashtra),2014-04,21,"BJP–Shiv Sena alliance won 42 of Maharashtra's 48 seats; NCP 4, INC 2","The EC cleared it on condition officials, not politicians, handed out cheques; the BJP–Shiv Sena won 42 of 48 seats.",,pre-election; relief,hrf207,https://occult-kranti.github.io/fact-duel/hisaab/#/q/hrf207,"The Hindu — Don't force farmers to repay loans, HC tells Maharashtra government (21 Mar 2014)",https://www.thehindu.com/news/national/other-states/dont-force-farmers-to-repay-loans-hc-tells-maharashtra-government/article5815873.ece
tg-loan-waiver-2014,2014-06,,2014,"Crop loan waiver (Telangana, 2014)",distribution,Seedha Khaate Mein (straight into the account),State,TG,Telangana,BRS,"K. Chandrasekhar Rao (Chief Minister, Telangana, TRS (now BRS))",2013-14 crop loans waived up to ₹1 lakh,,"₹14,897 crore pared to ₹7,840 crore; about ₹17,000 crore by 2018",,,,,"Promised before the 2014 poll (TRS 63 of 119); farmers protested the cut-off, and the 2018 manifesto promised another waiver.",,distribution; pre-election,hpe117,https://occult-kranti.github.io/fact-duel/hisaab/#/q/hpe117,Down To Earth — Farmers in Telangana protest cap on farm loan waiver (6 Jun 2014),https://www.downtoearth.org.in/environment/farmers-in-telangana-protest-cap-on-farm-loan-waiver-44651
ap-crop-loan-waiver-2014,2014-07,,2014,Farm loan waiver (Andhra Pradesh),distribution,Seedha Khaate Mein (straight into the account),State,AP,Andhra Pradesh,TDP,"N. Chandrababu Naidu (Chief Minister, Andhra Pradesh, TDP)","Farm, gold, SHG and weaver loans waived up to ₹1.5 lakh per family",96.27% of over 80 lakh borrowers covered in full,"About ₹43,000 crore (July 2014 decision)",,,,,"The TDP had promised it before the 2014 poll (won 102 of 175); by February 2019 ₹24,000 crore had been waived, with two instalments still due.",,distribution; pre-election,hpe116,https://occult-kranti.github.io/fact-duel/hisaab/#/q/hpe116,"Down To Earth — Andhra Pradesh announces Rs 43,000 crore loan waiver (22 Jul 2014)",https://www.downtoearth.org.in/environment/andhra-pradesh-announces-rs-43000-crore-loan-waiver-45418
in-pm-jan-dhan-2014,2014-08,yes,2014,PM Jan Dhan Yojana,distribution,Seedha Khaate Mein (straight into the account),Centre,IN,India-wide (Centre),NDA,,"Zero-balance bank accounts with a RuPay card carrying ₹2 lakh accident cover and a ₹10,000 overdraft",56.16 crore accounts (55.7% women) by Aug 2025,,,,,,₹2.68 lakh crore in deposits by August 2025; banks were asked to reduce inoperative accounts (PIB).,,distribution,hsc023; hsc024,https://occult-kranti.github.io/fact-duel/hisaab/#/q/hsc023 https://occult-kranti.github.io/fact-duel/hisaab/#/q/hsc024,PIB (Finance Ministry) — PMJDY completes 11 years (Aug 2025),https://www.pib.gov.in/PressReleasePage.aspx?PRID=2161401
rj-bhamashah-2014,2014-08,,2014,Bhamashah card relaunch,distribution,Seedha Khaate Mein (straight into the account),State,RJ,Rajasthan,BJP,"Vasundhara Raje (Chief Minister, Rajasthan, BJP)","Health cover of ₹30,000 (routine) and ₹3 lakh (major illness); benefits paid to the woman head’s account",1.5 crore women aimed at,₹600 crore set aside,,,,,Relaunched after the BJP’s 163-of-200 win in 2013; biometric enrolment was to finish by March 2015.,,distribution; pre-election,hdb112; hpe106,https://occult-kranti.github.io/fact-duel/hisaab/#/q/hdb112 https://occult-kranti.github.io/fact-duel/hisaab/#/q/hpe106,Rediff / Business Standard — Bhamashah: A scheme to trump Aadhaar in Rajasthan (18 Aug 2014),https://www.rediff.com/business/slide-show/slide-show-1-bhamashah-a-scheme-to-trump-aadhaar-in-rajasthan/20140818.htm
jk-floods-central-aid-2014,2014-09,,2014,J&K floods: central aid,relief,Rahat Kosh (the relief fund),Centre,JK,Jammu & Kashmir,NDA,"Narendra Modi (Prime Minister, BJP)","₹1,000 crore over the state’s ₹1,100 crore disaster fund, and ₹2 lakh ex gratia per death",,,,,,,"The state sought ₹44,000 crore; central help came in tranches, including a flood component in the 2015 package.",,relief,hrf018,https://occult-kranti.github.io/fact-duel/hisaab/#/q/hrf018,"Hindustan Times — PM Modi visits Siachen, spends time with soldiers on Diwali (23 Oct 2014)",https://www.hindustantimes.com/india/pm-modi-visits-siachen-spends-time-with-soldiers-on-diwali/story-QdGzHCfbWY9FYglkYdGUbL.html
jk-floods-state-package-2014,2014-09,,2014,Kashmir floods: state relief package,relief,Rahat Kosh (the relief fund),State,JK,Jammu & Kashmir,JKNC,"Omar Abdullah (Chief Minister, Jammu & Kashmir, JKNC)","₹200 crore from the distress relief fund paid in cash, plus six months’ free ration",,,,,,,"In April 2015 the next government said the Centre approved only ₹1,102 crore against ₹2,600 crore required under SDRF norms.",,relief,hrf114,https://occult-kranti.github.io/fact-duel/hisaab/#/q/hrf114,The Hindu — J&K floods: Omar announces relief package (12 Sep 2014),https://www.thehindu.com/news/national/Jammu-and-Kahsmir-floods-Omar-Abdullah-announces-relief-package/article60345806.ece
od-biju-pucca-ghar-2014,2014-09,,2014,Biju Pucca Ghar,distribution,Seedha Khaate Mein (straight into the account),State,OD,Odisha,BJD,"Naveen Patnaik (Chief Minister, Odisha, BJD)","Pucca houses for rural kutcha-house families, in the woman member’s name",,"₹330 crore a year rising to about ₹3,000 crore",,,,,Discontinued by the BJP government in 2024; replaced by Antyodaya Gruha Yojana in 2025.,,distribution,hdb337,https://occult-kranti.github.io/fact-duel/hisaab/#/q/hdb337,Business Standard (PTI) — Naveen announces pucca houses for Odisha's rural inhabitants (11 Sep 2014),https://www.business-standard.com/article/economy-policy/naveen-announces-pucca-houses-for-odisha-s-rural-inhabitants-114091101168_1.html
ap-cyclone-hudhud-2014,2014-10,,2014,Cyclone Hudhud interim central aid,relief,Rahat Kosh (the relief fund),Centre,AP,Andhra Pradesh,NDA,"Narendra Modi (Prime Minister, BJP)","₹1,000 crore interim assistance announced after an aerial survey of Visakhapatnam",,,,,,,"An interim sum, not a final award: further NDRF aid follows a central team’s assessment of the state memorandum.",,relief,hrf020,https://occult-kranti.github.io/fact-duel/hisaab/#/q/hrf020,Indian Express — Modi surveys Vizag after cyclone Hudhud; announces interim assistance of Rs 1000 crore (14 Oct 2014),https://indianexpress.com/article/india/india-others/pm-arrives-in-visakhapatnam-to-survey-cyclone-hit-areas/
jk-flood-aid-diwali-2014,2014-10,,2014,J&K flood aid on Diwali,relief,Rahat Kosh (the relief fund),Centre,JK,Jammu & Kashmir,NDA,"Narendra Modi (Prime Minister, BJP)",₹570 crore for flood-hit housing and ₹175 crore for six hospitals,,,J&K Assembly 2014,2014-11,33,"Hung: PDP 28, BJP 25, NC 15, INC 12 of 87; PDP–BJP coalition from Mar 2015",Announced 33 days before polling; the House was hung and a PDP–BJP coalition took office. No cited source ties the aid to the vote.,,pre-election; relief,hrf019,https://occult-kranti.github.io/fact-duel/hisaab/#/q/hrf019,PMO India — PM meets various groups of flood-affected people in Srinagar (23 Oct 2014),https://www.pmindia.gov.in/en/news_updates/pm-meets-various-groups-of-flood-affected-people-in-srinagar-listens-to-their-problems-and-suggestions/
in-pahal-2014,2014-11,,2014,PAHAL (LPG subsidy DBT),distribution,Seedha Khaate Mein (straight into the account),Centre,IN,India-wide (Centre),NDA,"Dharmendra Pradhan (Union Petroleum & Natural Gas Minister, BJP)",LPG subsidy paid into consumers’ bank accounts,13.9 crore consumers by Aug 2015,,,,,,"CAG (2016) found most of the fall in LPG subsidy came from lower crude prices, not PAHAL; the ministry defended its savings.",,distribution,hdb023; hdb025,https://occult-kranti.github.io/fact-duel/hisaab/#/q/hdb023 https://occult-kranti.github.io/fact-duel/hisaab/#/q/hdb025,ET EnergyWorld — 'Pahal' enters Guinness Book of World Records as the largest cash transfer program (13 Aug 2015),https://energy.economictimes.indiatimes.com/news/pahal-enters-guinness-book-of-world-records-as-the-largest-cash-transfer-program/48470924
hr-hailstorm-relief-2015,2015,,2015,Hailstorm relief (Haryana),relief,Rahat Kosh (the relief fund),State,HR,Haryana,BJP,"Manohar Lal Khattar (Chief Minister, Haryana, BJP)","Up to a year’s farm power bills waived by crop loss; ₹10,000 an acre for wheat; interest-free crop loans",,,,,,,"The waiver was only for hail-hit farmers; Khattar asked others to clear ₹5,500 crore of pending power bills.",,relief,hrf208,https://occult-kranti.github.io/fact-duel/hisaab/#/q/hrf208,The Tribune — Power bill waiver only for hail-hit farmers: Khattar (3 Apr 2015),https://www.tribuneindia.com/news/archive/community/power-bill-waiver-only-for-hail-hit-farmers-khattar-62029/
in-14th-fc-local-disasters-2015,2015,,2015,Local-disaster window (14th Finance Commission),relief,Rahat Kosh (the relief fund),Centre,IN,India-wide (Centre),NDA,,States may spend up to 10% of their response fund on local disasters off the national list,,"₹61,219 crore allocation (2015–20)",,,,,"Central releases to state disaster funds rose from ₹8,756 crore (2015-16) to ₹10,938 crore (2019-20).",,relief,hrf021,https://occult-kranti.github.io/fact-duel/hisaab/#/q/hrf021,"Rajya Sabha Standing Committee on Home Affairs — 261st Report: Disaster Management (Aug 2026), para 2.13.5",https://bucketapi.rajyasabha.digital/public-bucket/uploads/committee/2026_08_21_committee_3339_976_6a881941b462a.pdf
wb-sabooj-sathi-2015,2015,,2015,Sabooj Sathi bicycles,distribution,Seedha Khaate Mein (straight into the account),State,WB,West Bengal,TMC,"Mamata Banerjee (Chief Minister, West Bengal, TMC)",Bicycles for Class 9–12 students of government and aided schools,About 85 lakh students by 2020,"Over ₹2,700 crore",,,,,Won a WSIS prize in 2020 (state figures on reach and cost).,,distribution,hdb304,https://occult-kranti.github.io/fact-duel/hisaab/#/q/hdb304,"The Indian Express — After Kanyashree, Bengal govt bags WSIS award for its Sabuj Sathi scheme (10 Sep 2020)",https://indianexpress.com/article/cities/kolkata/had-contested-with-800-projects-after-kanyashree-bengal-govt-bags-wsis-award-for-its-sabuj-sathi-scheme-6589951/
in-atal-pension-2015,2015-05,,2015,Atal Pension Yojana,distribution,Seedha Khaate Mein (straight into the account),Centre,IN,India-wide (Centre),NDA,"Arun Jaitley (Union Finance Minister, BJP); Narendra Modi (Prime Minister, BJP)","Guaranteed pension of ₹1,000–₹5,000 a month from 60; Centre paid half the premium (up to ₹1,000) for five years for early joiners",Over 9 crore gross enrolments by April 2026,,,,,,The Cabinet extended its funding support to 2030-31 in January 2026.,,distribution,hdb024; hsc044,https://occult-kranti.github.io/fact-duel/hisaab/#/q/hdb024 https://occult-kranti.github.io/fact-duel/hisaab/#/q/hsc044,"indiabudget.gov.in — Budget Speech 2015-16, Arun Jaitley (28 Feb 2015)",https://www.indiabudget.gov.in/budget2015-2016/ub2015-16/bs/bs.pdf
br-special-package-2015,2015-08,,2015,Special package for Bihar,pre-election,Chunav Se Pehle (before the vote),Centre,BR,Bihar,NDA,"Narendra Modi (Prime Minister, BJP)","₹1.25 lakh crore package (₹1.65 lakh crore with earlier funds); ₹9,700 crore of projects launched",,,Bihar Assembly 2015,2015-10,55,"JD(U)–RJD–Congress won 178 of 243; RJD 80, JD(U) 71",Nitish Kumar called it a ‘packaged myth’ of old schemes; the JD(U)–RJD–Congress alliance won 178 of 243 seats.,,pre-election,hpe118; hpe021,https://occult-kranti.github.io/fact-duel/hisaab/#/q/hpe118 https://occult-kranti.github.io/fact-duel/hisaab/#/q/hpe021,India Today — Bihar celebrates Modi's special package worth Rs 1.25 lakh crore (18 Aug 2015),https://www.indiatoday.in/assembly-elections-2015/bihar-polls/photo/bihar-celebrates-as-pm-modi-declares-special-package-worth-rs-125-lakh-crore-375906-2015-08-18
as-gogoi-prepoll-package-2015,2015-09,,2015,Gogoi's pre-poll package,pre-election,Chunav Se Pehle (before the vote),State,AS,Assam,INC,"Tarun Gogoi (Chief Minister, Assam, INC)","About 25 schemes: yarn, laptops, seeds, blankets and pensions from November 2015",76.41 lakh people,₹862 crore,Assam Assembly 2016,2016-04,191,BJP won 60 of 126 and formed govt with allies; Congress 26,The Congress lost after 15 years: the BJP won 60 of 126 and formed the government with allies; the Congress fell to 26.,,distribution; pre-election,hdb319,https://occult-kranti.github.io/fact-duel/hisaab/#/q/hdb319,The Hindu — Gogoi announces Rs. 862-crore largesse for Assam (26 Sep 2015),https://www.thehindu.com/news/national/gogoi-announces-rs-862crore-largesse-for-assam/article7692497.ece
in-orop-2015,2015-09,,2015,One Rank One Pension,pre-election,Chunav Se Pehle (before the vote),Centre,IN,India-wide (Centre),NDA,"Manohar Parrikar (Union Defence Minister, BJP)","Equal pension for equal rank and service, re-fixed every five years",About 26 lakh retired personnel and 6 lakh war widows,"₹8,000–10,000 crore a year plus arrears",Bihar Assembly 2015,2015-10,37,JD(U)–RJD–Congress alliance won 178 of 243 seats; BJP 53,Veterans kept agitating; polling began 37 days later and the NDA won only 58 of 243 in Bihar.,,distribution; pre-election,hpe022,https://occult-kranti.github.io/fact-duel/hisaab/#/q/hpe022,Rediff — Govt announces OROP but unhappy veterans to continue agitation (5 Sep 2015),https://www.rediff.com/news/report/government-announces-one-rank-one-pension-for-ex-servicemen/20150905.htm
jk-ladli-beti-2015,2015-09,,2015,Ladli Beti (J&K),distribution,Seedha Khaate Mein (straight into the account),State,JK,Jammu & Kashmir,PDP,"Mufti Mohammad Sayeed (Chief Minister, Jammu & Kashmir, PDP)","₹1,000 a month deposited for 14 years; about ₹6.5 lakh to the girl at 21",About 2.03 lakh girls by March 2026,₹450 crore (2025-26),,,,,New enrolments stalled in 2026 as banks paused accounts pending a renewed MoU and funds.,,distribution,hdb113,https://occult-kranti.github.io/fact-duel/hisaab/#/q/hdb113,ETV Bharat — Funding delays and missing MoU stall Ladli Beti scheme in Jammu Kashmir (7 Aug 2026),https://www.etvbharat.com/en/bharat/funding-delays-and-missing-mou-stall-ladli-beti-scheme-in-jammu-kashmir-enn26080704343
jk-pm-development-package-2015,2015-11,,2015,PM’s Development Package for J&K,relief,Rahat Kosh (the relief fund),Centre,JK,Jammu & Kashmir,NDA,"Narendra Modi (Prime Minister, BJP)","₹80,068 crore package; ₹7,854 crore for flood relief, reconstruction and flood management",,,,,,,Flood items were under a tenth of the headline; roads and highways took over half.,,relief,hrf022,https://occult-kranti.github.io/fact-duel/hisaab/#/q/hrf022,PMO India — Highlights of PM's development package for Jammu and Kashmir (7 Nov 2015),https://www.pmindia.gov.in/en/news_updates/highlights-of-prime-ministers-development-package-for-jammu-and-kashmir/
tn-chennai-floods-relief-2015,2015-12,,2015,Chennai floods relief package (2015),relief,Rahat Kosh (the relief fund),State,TN,Tamil Nadu,AIADMK,"J. Jayalalithaa (Chief Minister, Tamil Nadu, AIADMK)","₹5,000 per flood-hit family (₹10,000 for lost huts), rice, clothes and 10,000 tenements",,,,,,,Volunteers alleged they were made to paste CM stickers on aid (denied). CAG (2018) called the floods ‘man-made’.,,relief,hrf117; hrf118,https://occult-kranti.github.io/fact-duel/hisaab/#/q/hrf117 https://occult-kranti.github.io/fact-duel/hisaab/#/q/hrf118,BBC News — Chennai floods: India anger over Jayalalitha stickers on aid (7 Dec 2015),https://www.bbc.com/news/world-asia-india-35024134
in-pmay-gramin-2016,2016,,2016,PMAY-Gramin,distribution,Seedha Khaate Mein (straight into the account),Centre,IN,India-wide (Centre),NDA,"Narendra Modi (Prime Minister (chaired the Union Cabinet that approved it), BJP)",₹1.20 lakh (₹1.30 lakh in hill states) to build a rural house,2.95 crore houses targeted by March 2024; 2 crore more for 2024–29,"₹3,06,137 crore for 2024–29",,,,,35 lakh houses were still incomplete at the March 2024 deadline (Cabinet note).,,distribution,hsc025; hsc026,https://occult-kranti.github.io/fact-duel/hisaab/#/q/hsc025 https://occult-kranti.github.io/fact-duel/hisaab/#/q/hsc026,PMO — Cabinet approves PMAY-G during FY 2024-25 to 2028-29 (9 Aug 2024),https://www.pmindia.gov.in/en/news_updates/cabinet-approves-implementation-of-the-pradhan-mantri-awaas-yojana-gramin-pmay-g-during-fy-2024-25-to-2028-29/
in-pmfby-2016,2016,,2016,PM Fasal Bima Yojana,distribution,Seedha Khaate Mein (straight into the account),Centre,IN,India-wide (Centre),NDA,,"Crop insurance: farmers pay 2% (kharif), 1.5% (rabi), 5% (horticulture); governments pay the rest",About 68 crore farmer applications insured by Jan 2025,"₹12,242 crore (2025-26)",,,,,"Claims peaked at ₹29,043 crore in 2017-18 and fell to ₹16,441 crore by 2022-23 (PRS).",,distribution,hsc046; hsc047,https://occult-kranti.github.io/fact-duel/hisaab/#/q/hsc046 https://occult-kranti.github.io/fact-duel/hisaab/#/q/hsc047,PRS Legislative Research — Demand for Grants 2025-26 Analysis: Agriculture and Farmers Welfare (4 Feb 2025),https://prsindia.org/files/budget/budget_parliament/2025/DFG_Analysis_2025-26_Agriculture_&_Farmers_Welfare.pdf
pb-badal-budget-2016,2016,,2016,Badal government’s last budget,pre-election,Chunav Se Pehle (before the vote),State,PB,Punjab,SAD,"Parkash Singh Badal (Chief Minister, Punjab, SAD)","20 new benefits: insurance, interest-free crop loans, cycles for girls, atta-dal for 30 lakh families",,"About ₹3,000 crore, on top of about ₹6,000 crore a year of free farm power",Punjab Assembly 2017,2017-02,,Congress won 77 of 117; AAP 20; SAD 15; BJP 3,"The SAD–BJP lost in February 2017: the Congress won 77 of 117, AAP 20, SAD 15, BJP 3.",,distribution; pre-election,hpe210,https://occult-kranti.github.io/fact-duel/hisaab/#/q/hpe210,Hindustan Times — The politics of populism: It's dole time in Punjab (22 Nov 2016),https://www.hindustantimes.com/punjab/the-politics-of-populism-it-s-dole-time-in-punjab/story-mD67SuOSi9vdlkTEE11SbN.html
wb-khadya-sathi-2016,2016-01,,2016,Khadya Sathi,pre-election,Chunav Se Pehle (before the vote),State,WB,West Bengal,TMC,"Mamata Banerjee (Chief Minister, West Bengal, TMC)","Rice and wheat at ₹2 a kg, 5 kg a month","Over 7 crore people, almost 80% of the state",,West Bengal Assembly 2016,2016-04,68,TMC won 211 of 294,Launched 68 days before polling; the TMC won a second term with 211 of 294.,,distribution; pre-election,hpe119,https://occult-kranti.github.io/fact-duel/hisaab/#/q/hpe119,The Indian Express — Mamata's masterstroke ahead of polls: foodgrain at Rs 2/kg for 80% of Bengal population (28 Jan 2016),https://indianexpress.com/article/cities/kolkata/mamatas-masterstroke-ahead-of-polls-foodgrain-at-rs-2kg-for-80-of-bengal-population/
dl-water-bill-waiver-2016,2016-02,,2016,Water bill waiver (Delhi),distribution,Seedha Khaate Mein (straight into the account),State,DL,Delhi,AAP,"Arvind Kejriwal (Chief Minister, Delhi, AAP)",Pending water bills waived on a sliding scale: 25% to 100% by property category,,,,,,,The government also promised ₹840 crore to the Jal Board for pipelines; Kejriwal said the Board still had a ₹176 crore surplus.,,distribution,hdb114,https://occult-kranti.github.io/fact-duel/hisaab/#/q/hdb114,The Hindu — One year of AAP: Kejriwal waives Delhi water bills till November (14 Feb 2016),https://www.thehindu.com/news/cities/Delhi/One-year-of-AAP-Kejriwal-waives-Delhi-water-bills-till-November/article60580066.ece
kl-chandy-budget-2016,2016-02,,2016,"Chandy’s last budget (welfare pension to ₹1,500)",pre-election,Chunav Se Pehle (before the vote),State,KL,Kerala,UDF,"Oommen Chandy (Chief Minister, Kerala, INC)","Monthly welfare pension raised from ₹1,000 to ₹1,500, with something for every group",,,Kerala Assembly 2016,2016-05,94,LDF won 91 of 140 seats; UDF 47,The LDF won 91 of 140 seats and the UDF 47.,,distribution; pre-election,hpe209,https://occult-kranti.github.io/fact-duel/hisaab/#/q/hpe209,Deccan Chronicle — Kerala Budget 2016: It read more like a poll manifesto (13 Feb 2016),https://www.deccanchronicle.com/nation/current-affairs/130216/kerala-budget-2016-it-read-more-like-a-poll-manifesto.html
up-bundelkhand-relief-2016,2016-03,,2016,Bundelkhand drought relief packets (UP),relief,Rahat Kosh (the relief fund),State,UP,Uttar Pradesh,SP,"Akhilesh Yadav (Chief Minister, Uttar Pradesh, SP)","Relief packets of flour, pulses, ghee, milk powder, oil and potatoes for poor families",,,,,,,"The state turned down a railway ‘water train’ and asked the Centre for 10,000 tankers instead.",,relief,hrf209,https://occult-kranti.github.io/fact-duel/hisaab/#/q/hrf209,"The Indian Express — Centre's offer for drought-hit Bundelkhand: UP rejects water trains, wants tankers (6 May 2016)",https://indianexpress.com/article/cities/lucknow/centres-offer-for-drought-hit-bundelkhand-up-rejects-water-trains-wants-tankers-2786560/
ut-cm-for-a-night-2016,2016-04,,2016,“CM for a night” cabinet decisions,distribution,Seedha Khaate Mein (straight into the account),State,UT,Uttarakhand,INC,"Harish Rawat (Chief Minister, Uttarakhand, INC)","11 decisions, including higher welfare pensions and regularised guest teachers",,,,,,,All lapsed within hours when the Supreme Court stayed the High Court order and central rule resumed.,,distribution,hdb115,https://occult-kranti.github.io/fact-duel/hisaab/#/q/hdb115,"The Times of India — CM for a night, Harish Rawat clears 11 schemes in 2 cabinet meets (23 Apr 2016)",https://timesofindia.indiatimes.com/india/cm-for-a-night-harish-rawat-clears-11-schemes-in-2-cabinet-meets/articleshow/51950982.cms
in-ndmf-ordered-2016,2016-05,,2016,National Disaster Mitigation Fund (Swaraj Abhiyan ruling),relief,Rahat Kosh (the relief fund),Centre,IN,India-wide (Centre),NDA,,Supreme Court gave the Centre three months to set up the mitigation fund the 2005 Act allowed,,,,,,,"NDMF guidelines came only in February 2022; by July 2025 ₹5,685 crore of projects were approved and ₹741.8 crore released.",,relief,hrf023,https://occult-kranti.github.io/fact-duel/hisaab/#/q/hrf023,"The Hindu — SC pulls up Centre, States for failing to tackle drought (11 May 2016)",https://www.thehindu.com/news/national/Declaration-of-drought-Define-time-limit-Supreme-Court-tells-Centre/article60512906.ece
in-pm-ujjwala-2016,2016-05,,2016,PM Ujjwala Yojana,pre-election,Chunav Se Pehle (before the vote),Centre,IN,India-wide (Centre),NDA,"Narendra Modi (Prime Minister, BJP); Dharmendra Pradhan (Union Petroleum & Natural Gas Minister, BJP)",Deposit-free LPG connections for poor households,8 crore by Sept 2019 (7 months early); 10.35 crore approved by 2023,"₹8,000 crore (launch outlay for 5 crore)",UP Assembly 2017,2017-02,286,BJP won 312 of 403 seats,CAG (2019): average 3.66 refills a year and 1.98 lakh ‘improbable’ high users. The BJP won 312 of 403 in UP in 2017.,,distribution; pre-election,hdb026; hsc009; hsc010; hsc011; hsc012; hsc013,https://occult-kranti.github.io/fact-duel/hisaab/#/q/hdb026 https://occult-kranti.github.io/fact-duel/hisaab/#/q/hsc009 https://occult-kranti.github.io/fact-duel/hisaab/#/q/hsc010 https://occult-kranti.github.io/fact-duel/hisaab/#/q/hsc011 https://occult-kranti.github.io/fact-duel/hisaab/#/q/hsc012 https://occult-kranti.github.io/fact-duel/hisaab/#/q/hsc013,India Today — BJP kick-starts its Mission UP with PM Modi's Ballia visit (1 May 2016),https://www.indiatoday.in/india/uttar-pradesh/story/bjp-kickstarts-its-mission-up-with-pm-modis-ballia-visit-321006-2016-05-01
tn-100-free-units-2016,2016-05,,2016,100 free power units (Tamil Nadu),distribution,Seedha Khaate Mein (straight into the account),State,TN,Tamil Nadu,AIADMK,"J. Jayalalithaa (Chief Minister, Tamil Nadu, AIADMK)",100 free units for every household; co-operative loan waiver; more wedding gold,,"About ₹1,607 crore (power); ₹5,318.73 crore waiver for 12.02 lakh farmers",,,,,"Signed on oath day as AIADMK manifesto promises, after it won 134 of 232 seats polled.",,distribution; pre-election,hpe120,https://occult-kranti.github.io/fact-duel/hisaab/#/q/hpe120,Business Standard — Jayalalithaa keeps five poll promises on Day 1 (24 May 2016),https://www.business-standard.com/article/politics/jayalalithaa-keeps-five-poll-promises-on-day-1-116052300523_1.html
up-kanya-vidya-dhan-2016,2016-08,,2016,Kanya Vidya Dhan,pre-election,Chunav Se Pehle (before the vote),State,UP,Uttar Pradesh,SP,"Akhilesh Yadav (Chief Minister, Uttar Pradesh, SP)","₹30,000 to each meritorious Class 12-pass girl","89,100 girls",₹267.30 crore,UP Assembly 2017,2017-02,179,BJP won 312 of 403 seats; SP 47,"The SP lost in 2017 (BJP 312 of 403); in 2026 the SP promised to revive it at ₹50,000.",,distribution; pre-election,hdb116,https://occult-kranti.github.io/fact-duel/hisaab/#/q/hdb116,"The Times of India — Meritorious girl students to be given Rs 30,000 in UP (16 Aug 2016)",https://timesofindia.indiatimes.com/uttar-pradesh/meritorious-girl-students-to-be-given-rs-30000-in-up/articleshow/53718793.cms
up-samajwadi-smartphone-2016,2016-10,,2016,Samajwadi Smartphone Yojana,pre-election,Chunav Se Pehle (before the vote),State,UP,Uttar Pradesh,SP,"Akhilesh Yadav (Chief Minister, Uttar Pradesh, SP)","Registration for free smartphones for Class 10-pass adults, due in late 2017",More than 1.4 crore registrations,,UP Assembly 2017,2017-02,124,BJP won 312 of 403 seats; SP 47,The EC stopped registration under the code; the BJP won 312 of 403 and scrapped the scheme in April 2017.,,distribution; pre-election,hpe211,https://occult-kranti.github.io/fact-duel/hisaab/#/q/hpe211,The Indian Express — Yogi scraps smartphone scheme of SP (19 Apr 2017),https://indianexpress.com/article/india/yogi-scraps-smartphone-scheme-of-sp-4618629/
in-pmmvy-2016,2016-12,,2016,PM Matru Vandana Yojana,distribution,Seedha Khaate Mein (straight into the account),Centre,IN,India-wide (Centre),NDA,"Narendra Modi (Prime Minister, BJP); Maneka Gandhi (Union Women & Child Development Minister, BJP)","₹5,000 for a first child; ₹6,000 for a second child if a girl",Over 4.60 crore mothers by Aug 2026,"₹21,343 crore paid by Aug 2026",,,,,Announced in the PM’s 31 Dec 2016 address; biometric authentication mandatory since May 2025.,,distribution,hdb027; hdb044,https://occult-kranti.github.io/fact-duel/hisaab/#/q/hdb027 https://occult-kranti.github.io/fact-duel/hisaab/#/q/hdb044,"The Indian Express — Maternity benefit scheme: what PM Modi said, where things stand now (5 Jan 2017)",https://indianexpress.com/article/explained/maternity-benefit-scheme-what-pm-modi-said-where-things-stand-now-4459269/
gj-budget-2017-aiims,2017-02,,2017,Budget 2017-18: new AIIMS for Gujarat,pre-election,Chunav Se Pehle (before the vote),Centre,GJ,Gujarat,NDA,"Arun Jaitley (Union Finance Minister, BJP)","Two new AIIMS, in Gujarat and Jharkhand",,,Gujarat Assembly 2017,2017-12,311,BJP won 99 of 182 seats; Congress 77,The BJP kept Gujarat but fell to 99 of 182 seats; the Congress won 77.,,pre-election,hpe024,https://occult-kranti.github.io/fact-duel/hisaab/#/q/hpe024,"indiabudget.gov.in — Budget Speech 2017-18, Arun Jaitley (1 Feb 2017)",https://www.indiabudget.gov.in/budget2017-2018/ub2017-18/bs/bs.pdf
in-budget-2017-five-state-polls,2017-02,,2017,Union Budget 2017-18 before five-state polls,pre-election,Chunav Se Pehle (before the vote),Centre,IN,India-wide (Centre),NDA,"Arun Jaitley (Union Finance Minister, BJP)",Budget kept on 1 February; the EC said no state-specific schemes for the poll-bound states,,,"Assembly polls in UP, Punjab and 3 other states, 2017",2017-02,3,BJP won UP with 312 of 403 seats; Congress won Punjab,Polling began three days later; the BJP took 312 of 403 in UP and the Congress won Punjab.,,pre-election,hpe023,https://occult-kranti.github.io/fact-duel/hisaab/#/q/hpe023,"Times of India — Don't announce any scheme for poll-bound states in Union Budget, EC tells government (23 Jan 2017)",https://timesofindia.indiatimes.com/elections/news/dont-announce-any-scheme-for-poll-bound-states-in-union-budget-ec-tells-government/articleshow/56742740.cms
hp-unemployment-allowance-2017,2017-04,,2017,Unemployment allowance (Himachal),pre-election,Chunav Se Pehle (before the vote),State,HP,Himachal Pradesh,INC,"Virbhadra Singh (Chief Minister, Himachal Pradesh, INC); Sukhwinder Singh Sukhu (President, Himachal Pradesh Congress, INC)","₹1,000 a month for jobless youth (₹1,500 for the physically challenged)",About 2 lakh youth,₹150 crore,Himachal Assembly 2017,2017-11,211,BJP won 44 of 68 seats; Congress 21,Forms opened 211 days before polling; the BJP won 44 of 68 seats and the Congress 21.,,distribution; pre-election,hpe212,https://occult-kranti.github.io/fact-duel/hisaab/#/q/hpe212,The Tribune — Sukhu launches allowance scheme for jobless (13 Apr 2017),https://www.tribuneindia.com/news/archive/community/sukhu-launches-allowance-scheme-for-jobless-391056/
up-farm-loan-waiver-2017,2017-04,,2017,"Farm loan waiver (UP, 2017)",distribution,Seedha Khaate Mein (straight into the account),State,UP,Uttar Pradesh,BJP,"Yogi Adityanath (Chief Minister, Uttar Pradesh, BJP)",Crop loans of small and marginal farmers waived up to ₹1 lakh,Over 86 lakh farmers,"About ₹36,000 crore",,,,,A BJP poll promise; some certificates in September 2017 waived only a few rupees.,,distribution,hdb117,https://occult-kranti.github.io/fact-duel/hisaab/#/q/hdb117,The Hindu — Yogi waives farm loans up to Rs. 1 lakh (4 Apr 2017),https://www.thehindu.com/news/national/other-states/yogi-waives-farm-loans-up-to-rs-1-lakh/article61798537.ece
ka-co-op-loan-waiver-2017,2017-06,,2017,Co-operative crop loan waiver (Karnataka),pre-election,Chunav Se Pehle (before the vote),State,KA,Karnataka,INC,"Siddaramaiah (Chief Minister, Karnataka, INC)","Crop loans from co-operative banks waived up to ₹50,000 per farmer",22.27 lakh farmers,"₹8,165 crore",Karnataka Assembly 2018,2018-05,325,"Hung House: BJP 104, Congress 78, JD(S) 37","Announced 325 days before polling; the House was hung (BJP 104, Congress 78). No cited study links the waiver to the result.",,distribution; pre-election,hdb407,https://occult-kranti.github.io/fact-duel/hisaab/#/q/hdb407,"The Times of India — Now, Karnataka waives loans of 22 lakh farmers (22 Jun 2017)",https://timesofindia.indiatimes.com/india/now-karnataka-waives-loans-of-22-lakh-farmers/articleshow/59260867.cms
mh-shetkari-sanman-waiver-2017,2017-06,,2017,Shetkari Sanman loan waiver,distribution,Seedha Khaate Mein (straight into the account),State,MH,Maharashtra,BJP,"Devendra Fadnavis (Chief Minister, Maharashtra, BJP)","Loans up to ₹1.5 lakh waived; settlements and up to ₹25,000 for those who repaid",89 lakh farmers,"₹34,022 crore",,,,,"The state’s third waiver since 1980; another followed in 2019 and a fifth (₹36,585 crore) in June 2026.",,distribution,hdb408,https://occult-kranti.github.io/fact-duel/hisaab/#/q/hdb408,"The Times of India — CM Fadnavis announces Rs 34,022cr loan waiver, to aid 89 lakh farmers (25 Jun 2017)",https://timesofindia.indiatimes.com/city/mumbai/fadnavis-announces-rs-34022cr-loan-waiver-to-aid-89l-farmers/articleshow/59304696.cms
ka-indira-canteens-2017,2017-08,,2017,Indira Canteens,pre-election,Chunav Se Pehle (before the vote),State,KA,Karnataka,INC,"Siddaramaiah (Chief Minister, Karnataka, INC)",Breakfast for ₹5 and meals for ₹10 in Bengaluru ward canteens,101 of 198 planned canteens opened at launch,,Karnataka Assembly 2018,2018-05,269,"Hung: BJP 104, Congress 78, JD(S) 37 of 224",The May 2018 poll gave a hung House; the Congress backed a JD(S)-led government.,,distribution; pre-election,hpe121,https://occult-kranti.github.io/fact-duel/hisaab/#/q/hpe121,"The Indian Express — Karnataka gets Indira Canteens: Breakfast for Rs 5, lunch for Rs 10 (17 Aug 2017)",https://indianexpress.com/article/india/karnataka-gets-indira-canteens-breakfast-for-rs-5-lunch-for-rs-10-4800143/
tr-ration-card-cleanup-2018,2018,,2018,Ration-card clean-up (Tripura),distribution,Seedha Khaate Mein (straight into the account),State,TR,Tripura,BJP,"Biplab Kumar Deb (Chief Minister, Tripura, BJP)",PDS digitisation to weed out fake cards,"62,340 fake cards; beneficiaries 39.4 lakh to 36.6 lakh",,,,,,"Government figures, with no Left response in the report; officials said in 2026 that no fake cards remained.",,distribution,hdb329,https://occult-kranti.github.io/fact-duel/hisaab/#/q/hdb329,"The Indian Express — Tripura govt identifies 60,000 fake ration card holders, detects 'ineligible' pension beneficiaries (13 Sep 2018)",https://indianexpress.com/article/north-east-india/tripura/tripura-identifies-60000-fake-ration-card-holders-detects-ineligible-social-security-pension-beneficiaries-5355053/
pb-farm-debt-waiver-2018,2018-01,,2018,Farm debt waiver (Punjab),distribution,Seedha Khaate Mein (straight into the account),State,PB,Punjab,INC,"Amarinder Singh (Chief Minister, Punjab, INC)",Relief on loans up to ₹2 lakh for small and marginal farmers,5.63 lakh farmers in phase one,"About ₹2,700 crore of co-operative loans (phase one)",,,,,"The BKU called it ‘fake’, saying a complete waiver was promised; ₹167.39 crore of certificates went out at launch.",,distribution,hdb120,https://occult-kranti.github.io/fact-duel/hisaab/#/q/hdb120,"Hindustan Times — Punjab begins farm debt waiver, farmers, AAP protest (7 Jan 2018)",https://www.hindustantimes.com/punjab/punjab-begins-farm-debt-waiver-farmers-aap-protest/story-tm9rhL84ScLBmyBoD19BFL.html
wb-rupashree-2018,2018-01,,2018,Rupashree Prakalpa,distribution,Seedha Khaate Mein (straight into the account),State,WB,West Bengal,TMC,"Amit Mitra (Finance Minister, West Bengal, TMC); Mamata Banerjee (Chief Minister, West Bengal, TMC)","₹25,000 one-time grant for a daughter’s marriage in families under ₹1.5 lakh a year",11.71 lakh girls by Jan 2022,"₹2,895 crore by Jan 2022; ₹693.76 crore (2025-26 revised)",,,,,"Some families combine it with Kanyashree to fund a daughter’s marriage, The Hindu reported.",,distribution,hdb302,https://occult-kranti.github.io/fact-duel/hisaab/#/q/hdb302,The Hindu — Bengal assistance for marriage of poor women (31 Jan 2018),https://www.thehindu.com/news/national/bengal-assistance-for-marriage-of-poor-women/article22613215.ece
ka-bengaluru-suburban-rail-2018,2018-02,,2018,Budget 2018-19: Bengaluru suburban rail,pre-election,Chunav Se Pehle (before the vote),Centre,KA,Karnataka,NDA,"Arun Jaitley (Union Finance Minister, BJP)",A 160-km suburban rail network for Bengaluru,,"₹17,000 crore (estimate)",Karnataka Assembly 2018,2018-05,100,"Hung House: BJP 104 of 224, Congress 78, JD(S) 37",Karnataka returned a hung House (BJP 104); by August 2026 the line was 19.95% built against a March 2030 deadline.,,pre-election,hpe025,https://occult-kranti.github.io/fact-duel/hisaab/#/q/hpe025,"indiabudget.gov.in — Budget Speech 2018-19, Arun Jaitley (1 Feb 2018)",https://www.indiabudget.gov.in/budget2018-2019/ub2018-19/bs/bs.pdf
rj-crop-loan-waiver-2018,2018-02,,2018,"Crop loan waiver (Rajasthan, 2018)",pre-election,Chunav Se Pehle (before the vote),State,RJ,Rajasthan,BJP,"Vasundhara Raje (Chief Minister, Rajasthan, BJP)","One-time waiver of up to ₹50,000 on overdue co-operative crop loans for small farmers",,"₹8,000 crore",Rajasthan Assembly 2018,2018-12,298,Congress won 100 of 199 seats and formed the government; BJP 73,"Announced 298 days before polling; the BJP lost (Congress 100 of 199, BJP 73).",,distribution; pre-election,hdb119,https://occult-kranti.github.io/fact-duel/hisaab/#/q/hdb119,"The Times of India — Rajasthan announces loan waiver for farmers, to cost Rs 8,000 crore (12 Feb 2018)",https://timesofindia.indiatimes.com/india/rajasthan-announces-loan-waiver-for-farmers-to-cost-rs-8000-crore/articleshow/62887502.cms
tg-rythu-bandhu-2018,2018-05,,2018,Rythu Bandhu,pre-election,Chunav Se Pehle (before the vote),State,TG,Telangana,BRS,"K. Chandrasekhar Rao (Chief Minister, Telangana, TRS (now BRS))","₹4,000 an acre per season to landowning farmers (₹10,000 a year from 2019)",About 58 lakh farmers,"About ₹12,000 crore a year",Telangana Assembly 2018,2018-12,211,TRS won 88 of 119 seats; Congress 19,Launched 211 days before polling; the TRS won 88 of 119. Replaced by Rythu Bharosa in 2025.,,distribution; pre-election,hdb218; hst263,https://occult-kranti.github.io/fact-duel/hisaab/#/q/hdb218 https://occult-kranti.github.io/fact-duel/hisaab/#/q/hst263,"Times of India — K Chandrasekhar Rao rolls out Rythu Bandhu, sop a balm for 58 lakh farmers (11 May 2018)",https://timesofindia.indiatimes.com/city/hyderabad/k-chandrasekhar-rao-rolls-out-rythu-bandhu-sop-a-balm-for-58-lakh-farmers/articleshow/64119910.cms
mp-sambal-2018,2018-06,,2018,Sambal flat power bill,pre-election,Chunav Se Pehle (before the vote),State,MP,Madhya Pradesh,BJP,"Shivraj Singh Chouhan (Chief Minister, Madhya Pradesh, BJP)",Power bills capped at ₹200 a month for unorganised workers and BPL families; dues waived,88 lakh families expected; 38.9 lakh registered in 10 days,,Madhya Pradesh Assembly 2018,2018-11,176,Congress won 114 of 230; BJP 109,The Congress won 114 of 230. CAG (2025): a workers’ welfare board paid ₹416.33 crore toward the waiver subsidy.,,distribution; pre-election,hpe125,https://occult-kranti.github.io/fact-duel/hisaab/#/q/hpe125,ET EnergyWorld — Madhya Pradesh power schemes: Over 38 lakh people register in 10 days (11 Jul 2018),https://energy.economictimes.indiatimes.com/news/power/mp-power-schemes-over-38-lakh-people-register-in-10-days/64946133
ct-sanchar-kranti-2018,2018-07,,2018,Sanchar Kranti smartphones,pre-election,Chunav Se Pehle (before the vote),State,CT,Chhattisgarh,BJP,"Raman Singh (Chief Minister, Chhattisgarh, BJP)","Free smartphones for rural women, poor urban women and college students",About 50 lakh phones planned,"₹1,467.90 crore",Chhattisgarh Assembly 2018,2018-11,109,Congress won 68 of 90; BJP 15,The Congress won 68 of 90 seats; in December 2018 the new government postponed distribution with about 20 lakh phones undelivered.,,distribution; pre-election,hpe123,https://occult-kranti.github.io/fact-duel/hisaab/#/q/hpe123,The Indian Express — Chhattisgarh: 50 lakh people to get smartphones under Sanchar Kranti Yojana (27 Jul 2018),https://indianexpress.com/article/india/dual-sim-smartphones-for-50-lakh-chhattisgarh-beneficiaries-under-sanchar-kranti-yojana-5280052/
ka-farm-loan-waiver-2018,2018-07,,2018,"Farm loan waiver (Karnataka, 2018)",distribution,Seedha Khaate Mein (straight into the account),State,KA,Karnataka,JD(S),"H.D. Kumaraswamy (Chief Minister and Finance Minister, Karnataka, JD(S))","Crop loans up to ₹2 lakh defaulted by Dec 2017 waived; up to ₹25,000 to farmers who had repaid",,"₹34,000 crore (PRS)",,,,,The first budget of the JD(S)–Congress coalition formed after the hung 2018 verdict.,,distribution,hdb219,https://occult-kranti.github.io/fact-duel/hisaab/#/q/hdb219,PRS Legislative Research — Karnataka Budget Analysis 2018-19,https://prsindia.org/budgets/states/karnataka-budget-analysis-2018-19
kl-cmdrf-2018-floods,2018-08,,2018,Kerala CM’s Distress Relief Fund (2018 floods),relief,Rahat Kosh (the relief fund),State,KL,Kerala,LDF,"Pinarayi Vijayan (Chief Minister, Kerala, CPI(M))","Donations, including a month’s salary sought from state staff, for flood relief",,"₹4,970.29 crore received and ₹4,724.43 crore allotted (2018 and 2019 floods)",,,,,The SC upheld a stay on compulsion (2018); police chargesheeted seven over ₹27.73 lakh they say was diverted (2021); the Lokayukta dismissed a separate misuse plea (2023).,,relief,hrf119; hrf128; hrf139,https://occult-kranti.github.io/fact-duel/hisaab/#/q/hrf119 https://occult-kranti.github.io/fact-duel/hisaab/#/q/hrf128 https://occult-kranti.github.io/fact-duel/hisaab/#/q/hrf139,The Hindu — SC junks Kerala order on Salary Challenge (29 Oct 2018),https://www.thehindu.com/news/national/kerala/sc-junks-kerala-order-on-salary-challenge/article25362589.ece
in-pm-jay-2018,2018-09,,2018,Ayushman Bharat PM-JAY,pre-election,Chunav Se Pehle (before the vote),Centre,IN,India-wide (Centre),NDA,"Narendra Modi (Prime Minister, BJP)",Free hospital cover up to ₹5 lakh a family a year,10.74 crore families (about 50 crore people) targeted,,"Assembly polls in 5 states, Nov–Dec 2018",2018-11,50,"Congress won Madhya Pradesh (114 of 230), Rajasthan (99 of 199) and Chhattisgarh",CAG (2023) found registrations on invalid phone numbers and ₹6.97 crore paid for patients recorded dead; the ministry contested both.,,distribution; pre-election,hpe026; hsc005; hsc007; hsc008,https://occult-kranti.github.io/fact-duel/hisaab/#/q/hpe026 https://occult-kranti.github.io/fact-duel/hisaab/#/q/hsc005 https://occult-kranti.github.io/fact-duel/hisaab/#/q/hsc007 https://occult-kranti.github.io/fact-duel/hisaab/#/q/hsc008,The Hindu — PM Modi launches Ayushman Bharat healthcare scheme (23 Sep 2018),https://www.thehindu.com/news/national/pm-modi-launches-ayushman-bharat-scheme/article25020146.ece
ap-cyclone-titli-2018,2018-10,,2018,Cyclone Titli relief claim (Andhra Pradesh),relief,Rahat Kosh (the relief fund),State,AP,Andhra Pradesh,TDP,,"State relief within 20 days; state put losses at ₹3,673 crore and sought central aid",,,,,,,A central high-level committee approved additional NDRF aid for Andhra Pradesh in December 2018.,,relief,hrf120,https://occult-kranti.github.io/fact-duel/hisaab/#/q/hrf120,"The News Minute — Cyclone Titli: Central team meets Andhra CM, Naidu urges quick release of aid (27 Oct 2018)",https://www.thenewsminute.com/andhra-pradesh/cyclone-titli-central-team-meets-andhra-cm-naidu-urges-quick-release-aid-90642
kl-floods-ndrf-2018,2018-12,,2018,Kerala floods: NDRF award,relief,Rahat Kosh (the relief fund),Centre,KL,Kerala,NDA,"Rajnath Singh (Union Home Minister (chair, High Level Committee), BJP)","₹3,048.39 crore additional central aid",,,,,,,"About 65% of the ₹4,700 crore sought, approved nearly four months after the floods.",,relief,hrf025,https://occult-kranti.github.io/fact-duel/hisaab/#/q/hrf025,"The Hindu — Kerala to get ₹3,048 crore as flood relief (6 Dec 2018)",https://www.thehindu.com/news/national/kerala-to-get-3048-crore-as-flood-relief/article25682123.ece
mp-loan-waiver-2018,2018-12,,2018,Farm loan waiver on oath day (MP),distribution,Seedha Khaate Mein (straight into the account),State,MP,Madhya Pradesh,INC,"Kamal Nath (Chief Minister, Madhya Pradesh, INC)",Short-term crop loans up to ₹2 lakh written off,,,,,,,A Congress campaign promise signed hours after oath; the Congress had won 114 of 230.,,distribution; pre-election,hpe126,https://occult-kranti.github.io/fact-duel/hisaab/#/q/hpe126,The Hindu — Madhya Pradesh CM Kamal Nath waives off farm loans up to ₹2 lakh (17 Dec 2018),https://www.thehindu.com/news/national/mp-cm-kamal-nath-waives-off-farm-loans-up-to-2-lakh/article62015750.ece
od-kalia-2018,2018-12,,2018,KALIA,pre-election,Chunav Se Pehle (before the vote),State,OD,Odisha,BJD,"Naveen Patnaik (Chief Minister, Odisha, BJD)","₹10,000 a year for small farm families, ₹12,500 for landless households; interest-free crop loans",About 75 lakh farm families sought; 37 lakh paid before the code,"₹10,180 crore over three years; ₹9,333 crore disbursed",Odisha Assembly 2019,2019-04,111,"BJD won 112 of 146 seats polled; BJP 23, Congress 9",The BJD won 112 of 146 in 2019. CAG (2024): 12.72 lakh ineligible people got ₹782.26 crore. Repackaged as CM-KISAN.,,distribution; pre-election,hdb315; hst313; hdb316,https://occult-kranti.github.io/fact-duel/hisaab/#/q/hdb315 https://occult-kranti.github.io/fact-duel/hisaab/#/q/hst313 https://occult-kranti.github.io/fact-duel/hisaab/#/q/hdb316,"The Indian Express — Odisha CM skips loan waiver, declares financial aid for farmers (22 Dec 2018)",https://indianexpress.com/article/india/odisha-cm-skips-loan-waiver-declares-financial-aide-for-farmers-5504787/
tn-cyclone-gaja-2018,2018-12,,2018,Cyclone Gaja: NDRF award,relief,Rahat Kosh (the relief fund),Centre,TN,Tamil Nadu,NDA,"Rajnath Singh (Union Home Minister (chair, High Level Committee), BJP)","₹1,146.12 crore additional NDRF aid",,,,,,,"Against ₹15,000 crore sought; over three lakh people were displaced.",,relief,hrf210,https://occult-kranti.github.io/fact-duel/hisaab/#/q/hrf210,"The News Minute — Cyclone Gaja: Centre clears Rs 1,146 crore relief for Tamil Nadu (2 Jan 2019)",https://www.thenewsminute.com/tamil-nadu/cyclone-gaja-centre-clears-rs-1146-crore-relief-tamil-nadu-94333
wb-krishak-bandhu-2018,2018-12,,2018,Krishak Bandhu,pre-election,Chunav Se Pehle (before the vote),State,WB,West Bengal,TMC,"Mamata Banerjee (Chief Minister, West Bengal, TMC)","₹5,000 an acre a year; ₹2 lakh to the family of a farmer who dies aged 18–60",37.7 lakh farmers by Sept 2019,₹478 crore paid by Sept 2019,Lok Sabha 2019 (West Bengal),2019-04,101,TMC won 22 of 42 seats; BJP 18,"The TMC won 22 of 42 Lok Sabha seats in 2019; aid doubled to ₹10,000 in 2021.",,distribution; pre-election,hdb303,https://occult-kranti.github.io/fact-duel/hisaab/#/q/hdb303,The Indian Express — Krishak Bandhu Scheme: Rs 500 crore disbursed to 37 lakh farmers in eight months (21 Oct 2019),https://indianexpress.com/article/cities/kolkata/krishak-bandhu-scheme-rs-500-crore-disbursed-to-37-lakh-farmers-in-eight-months-6079520/
ap-ysr-pension-kanuka-2019,2019,,2019,YSR Pension Kanuka,distribution,Seedha Khaate Mein (straight into the account),State,AP,Andhra Pradesh,YSRCP,"Y.S. Jagan Mohan Reddy (Chief Minister, Andhra Pradesh, YSRCP)",Social security pensions: the largest welfare line in the YSRCP’s first budget,,"₹15,747 crore (2019-20 budget, PRS)",,,,,"With Rythu Bharosa and Amma Vodi it took about ₹30,950 crore, roughly a sixth of the 2019-20 revenue budget (PRS).",,distribution,hdb223,https://occult-kranti.github.io/fact-duel/hisaab/#/q/hdb223,PRS Legislative Research — Andhra Pradesh Budget Analysis 2019-20,https://prsindia.org/budgets/states/andhra-pradesh-budget-analysis-2019-2020
ct-farm-loan-waiver-2019,2019,,2019,"Farm loan waiver and ₹2,500 paddy (Chhattisgarh)",distribution,Seedha Khaate Mein (straight into the account),State,CT,Chhattisgarh,INC,"Bhupesh Baghel (Chief Minister, Chhattisgarh, INC)","Short-term farm loans waived; paddy bought at ₹2,500 a quintal",About 20 lakh farmers,"₹5,000 crore for the waiver and ₹5,000 crore for paddy (2019-20 budget, PRS)",,,,,Extra grain and co-operative spending in 2018-19 turned the state’s revenue surplus into a deficit (PRS).,,distribution,hdb224,https://occult-kranti.github.io/fact-duel/hisaab/#/q/hdb224,PRS Legislative Research — Chhattisgarh Budget Analysis 2019-20,https://prsindia.org/budgets/states/chhattisgarh-budget-analysis-2019-20
hr-parivar-samridhi-2019,2019,,2019,Mukhya Mantri Parivar Samridhi Yojana,distribution,Seedha Khaate Mein (straight into the account),State,HR,Haryana,BJP,"Manohar Lal Khattar (Chief Minister, Haryana, BJP)","₹6,000 a year promised to poor families",13.51 lakh families enrolled; 8.78 lakh paid by mid-2021,₹270.84 crore paid by mid-2021,,,,,"About ₹3,086 per family against ₹12,000 due over two years, an IAS officer’s review found; richer districts dominated.",,distribution,hdb127,https://occult-kranti.github.io/fact-duel/hisaab/#/q/hdb127,The Indian Express — Haryana’s Mukhya Mantri Parivar Samridhi Yojana: ‘Maximum poor families availing benefits are from richest districts’ (22 Jun 2021),https://indianexpress.com/article/cities/chandigarh/haryanas-mukhya-mantri-parivar-samridhi-yojana-maximum-poor-families-availing-benefits-are-from-richest-districts-7369790/
in-ews-quota-2019,2019-01,,2019,10% EWS quota amendment,pre-election,Chunav Se Pehle (before the vote),Centre,IN,India-wide (Centre),NDA,"Thaawarchand Gehlot (Union Social Justice Minister, BJP)",10% reservation in jobs and education for economically weaker sections,,,Lok Sabha 2019,2019-04,93,BJP won 303 of 543 seats,Passed 323–3; the BJP won 303 seats. The Supreme Court upheld the 103rd Amendment 3:2 in November 2022.,,pre-election,hpe027,https://occult-kranti.github.io/fact-duel/hisaab/#/q/hpe027,Mint — Quota bill passed in Lok Sabha with near unanimous vote (8 Jan 2019),https://www.livemint.com/Politics/f8v46qvKEfV9lKm4QUmfHI/Lok-Sabha-clears-quota-bill-with-nearfull-majority.html
sk-one-family-one-job-2019,2019-01,,2019,"One Family, One Job",pre-election,Chunav Se Pehle (before the vote),State,SK,Sikkim,SDF,"Pawan Kumar Chamling (Chief Minister, Sikkim, SDF)","Temporary government jobs for families with none; 20,000 promised","11,772 appointment letters on day one",,Sikkim Assembly 2019,2019-04,89,"SKM won 17 of 32 seats; SDF 15, ending 25 years of SDF rule","The SDF lost (SKM 17, SDF 15). Under the SKM 191 were regularised in 2021-22 and 43 in 2022-23; in 2024 it announced regularising 20,000 temporary workers.",,distribution; pre-election,hdb331,https://occult-kranti.github.io/fact-duel/hisaab/#/q/hdb331,"India Today — Sikkim launches 'One Family, One Job' scheme (13 Jan 2019)",https://www.indiatoday.in/education-today/gk-%26-current-affairs/story/sikkim-launches-one-family-one-job-scheme-1430035-2019-01-13
ap-annadata-sukhibhava-2019,2019-02,,2019,Annadata Sukhibhava,pre-election,Chunav Se Pehle (before the vote),State,AP,Andhra Pradesh,TDP,"Yanamala Ramakrishnudu (Finance Minister, Andhra Pradesh, TDP)","₹5,000 crore farm-aid allocation in the February 2019 vote on account",,,Andhra Pradesh Assembly 2019,2019-04,65,YSRCP won 151 of 175; TDP 23,Polls were announced before the first instalment reached farmers; the YSRCP won 151 of 175 and replaced it with YSR Rythu Bharosa.,,distribution; pre-election,hpe127,https://occult-kranti.github.io/fact-duel/hisaab/#/q/hpe127,"Hindustan Times — Jagan Reddy scraps Chandrababu Naidu's farmer scheme, unveils new plan (6 Jun 2019)",https://www.hindustantimes.com/india-news/jagan-reddy-scraps-chandrababu-naidu-s-farmer-scheme-unveils-new-plan/story-nW2TalpA9nXev1sh7MRobN.html
ap-pasupu-kumkuma-2019,2019-02,,2019,Pasupu-Kumkuma,pre-election,Chunav Se Pehle (before the vote),State,AP,Andhra Pradesh,TDP,"N. Chandrababu Naidu (Chief Minister, Andhra Pradesh, TDP)","₹10,000 each in three instalments plus a smartphone for SHG women",97.94 lakh SHG members (state figure),"₹9,794 crore (state figure)",Andhra Pradesh Assembly 2019,2019-04,,YSRCP won 151 of 175 seats; TDP 23,The EC found no code breach as the scheme predated the code; the YSRCP won 151 of 175 seats and the TDP 23.,,distribution; pre-election,hdb221,https://occult-kranti.github.io/fact-duel/hisaab/#/q/hdb221,The Indian Express — 'Pasupu Kumkuma': Andhra govt scheme for women gets EC nod (5 Apr 2019),https://indianexpress.com/article/india/pasupu-kumkuma-andhra-govt-scheme-for-women-gets-ec-nod-5659477/
hr-budget-2019-social-security,2019-02,,2019,Haryana budget: two social-security schemes,pre-election,Chunav Se Pehle (before the vote),State,HR,Haryana,BJP,"Captain Abhimanyu Singh Sandhu (Finance Minister, Haryana, BJP)","Schemes for farm families with up to 5 acres and unorganised workers earning under ₹15,000 a month",,"₹1,500 crore (2019-20 budget)",Haryana Assembly 2019,2019-10,238,BJP won 40 of 90 seats; Congress 31: a hung House,"The BJP won 40 of 90 seats in October 2019, six short of a majority.",,distribution; pre-election,hpe213,https://occult-kranti.github.io/fact-duel/hisaab/#/q/hpe213,PRS Legislative Research — Haryana Budget Analysis 2019-20,https://prsindia.org/budgets/states/haryana-budget-analysis-2019-20
in-interim-budget-2019-tax-rebate,2019-02,,2019,Interim budget 2019 tax rebate,pre-election,Chunav Se Pehle (before the vote),Centre,IN,India-wide (Centre),NDA,"Piyush Goyal (Union Finance Minister (interim budget), BJP)","Full rebate on taxable income up to ₹5 lakh; standard deduction up to ₹50,000",About 3 crore taxpayers,"₹18,500 crore plus ₹4,700 crore",Lok Sabha 2019,2019-04,69,BJP won 303 of 543 seats,Polling began 69 days later and the BJP won 303 of 543. The cited sources make no causal claim.,,pre-election,hpe028,https://occult-kranti.github.io/fact-duel/hisaab/#/q/hpe028,"indiabudget.gov.in — Interim Budget 2019-20 speech, Piyush Goyal (1 Feb 2019)",https://www.indiabudget.gov.in/budget2019-20(I)/ub2019-20/bs/bs.pdf
in-pm-kisan-2019,2019-02,,2019,PM-KISAN,pre-election,Chunav Se Pehle (before the vote),Centre,IN,India-wide (Centre),NDA,"Piyush Goyal (Union Finance Minister (interim budget), BJP); Narendra Modi (Prime Minister, BJP)","₹6,000 a year in three instalments to landholding farmer families",1.01 crore at the first instalment; 9.59 crore at the 18th,"₹75,000 crore (2019-20); ₹3.68 lakh crore paid by Mar 2025",Lok Sabha 2019,2019-04,46,BJP 303 of 543; INC 52,"First paid 46 days before polling; BJP won 303. ₹2,992.75 crore went to 42 lakh ineligible people; ₹416 crore recovered by 2025.",,distribution; pre-election,hdb028; hdb029; hsc001; hsc002; hsc003; hsc004,https://occult-kranti.github.io/fact-duel/hisaab/#/q/hdb028 https://occult-kranti.github.io/fact-duel/hisaab/#/q/hdb029 https://occult-kranti.github.io/fact-duel/hisaab/#/q/hsc001 https://occult-kranti.github.io/fact-duel/hisaab/#/q/hsc002 https://occult-kranti.github.io/fact-duel/hisaab/#/q/hsc003 https://occult-kranti.github.io/fact-duel/hisaab/#/q/hsc004,Hindustan Times — PM Modi launches direct cash benefit scheme for farmers (24 Feb 2019),https://www.hindustantimes.com/india-news/lok-sabha-elections-2019-pm-modi-launches-direct-cash-benefit-scheme-for-farmers/story-pMWZuh8iPInFUJFjZXiWqI.html
in-pm-shram-yogi-maandhan-2019,2019-02,,2019,PM Shram Yogi Maandhan,pre-election,Chunav Se Pehle (before the vote),Centre,IN,India-wide (Centre),NDA,"Piyush Goyal (Union Finance Minister (interim charge), BJP)","₹3,000 a month pension from 60 for informal workers, contributions matched by the Centre",10 crore targeted in five years; 54 lakh enrolled by July 2026,₹500 crore allocated (2019),Lok Sabha 2019,2019-04,69,BJP 303 of 543; INC 52,"Centre’s matching contributions totalled ₹2,011.01 crore by July 2026; pensions start no earlier than 2039.",,distribution; pre-election,hdb030,https://occult-kranti.github.io/fact-duel/hisaab/#/q/hdb030,"indiabudget.gov.in — Interim Budget Speech 2019-20, Piyush Goyal (1 Feb 2019)",https://www.indiabudget.gov.in/budget2019-20(I)/ub2019-20/bs/bs.pdf
jh-krishi-ashirwad-2019,2019-02,,2019,Mukhya Mantri Krishi Ashirwad Yojana,pre-election,Chunav Se Pehle (before the vote),State,JH,Jharkhand,BJP,"Raghubar Das (Chief Minister, Jharkhand, BJP)","₹5,000 an acre a year on top of PM-KISAN",26 lakh farmers by Oct 2019,About ₹900 crore paid by Oct 2019,Jharkhand Assembly 2019,2019-11,112,JMM–Congress–RJD won 47 of 81 seats; BJP 25,"First paid in August 2019, 112 days before polling; the BJP lost (JMM–Congress–RJD 47 of 81).",,distribution; pre-election,hdb122,https://occult-kranti.github.io/fact-duel/hisaab/#/q/hdb122,Hindustan Times — Jharkhand’s 5.2 lakh farmers get first instalment of Centre’s Kisan income scheme (25 Feb 2019),https://www.hindustantimes.com/ranchi/jharkhand-s-5-2-lakh-farmers-get-first-instalment-of-centre-s-kisan-income-scheme/story-wMrzBDMWDr8FokdH7914dK.html
tn-special-assistance-2019,2019-02,,2019,"₹2,000 special assistance (Tamil Nadu)",pre-election,Chunav Se Pehle (before the vote),State,TN,Tamil Nadu,AIADMK,"Edappadi K. Palaniswami (Chief Minister, Tamil Nadu, AIADMK)","One-time ₹2,000 to BPL families, citing drought and Cyclone Gaja",About 60 lakh families,"₹1,200 crore",Lok Sabha 2019 (Tamil Nadu),2019-04,66,DMK-led alliance won 38 of 39 seats (Vellore polled in Aug 2019); AIADMK-led alliance 1,Announced 66 days before polling; the DMK-led alliance won 38 of 39 seats.,,distribution; pre-election,hdb220,https://occult-kranti.github.io/fact-duel/hisaab/#/q/hdb220,"The Indian Express — Tamil Nadu CM turns the tables on DMK over Rs 2,000 BPL dole (12 Feb 2019)",https://indianexpress.com/article/cities/chennai/tamil-nadu-cm-assembly-k-palaniswami-dmk-bpl-dole-5580248/
in-saubhagya,2019-03,yes,2019,Saubhagya household electrification,distribution,Seedha Khaate Mein (straight into the account),Centre,IN,India-wide (Centre),NDA,,Electricity connections for un-electrified households,About 2.86 crore households,,,,,,States declared every ‘willing’ household electrified by March 2019; the scheme closed on 31 March 2022.,,distribution,hsc058,https://occult-kranti.github.io/fact-duel/hisaab/#/q/hsc058,PIB (Power Ministry) — Schemes to achieve uninterrupted power supply (28 Jul 2022),https://pib.gov.in/Pressreleaseshare.aspx?PRID=1845839
od-cyclone-fani-central-2019,2019-04,,2019,Cyclone Fani: central aid,relief,Rahat Kosh (the relief fund),Centre,OD,Odisha,NDA,"Narendra Modi (Prime Minister, BJP)","₹341 crore released, then ₹1,000 crore more and ₹2 lakh per death; the EC lifted the code in 11 districts",,,,,,,"Odisha moved over a million people before landfall, which the PM credited for limiting deaths.",,relief,hrf026,https://occult-kranti.github.io/fact-duel/hisaab/#/q/hrf026,Scroll — Cyclone Fani: EC lifts model code in 11 Odisha districts (1 May 2019),https://scroll.in/latest/921936/cyclone-fani-tourists-told-to-leave-puri-by-tomorrow-ec-lifts-model-code-in-11-odisha-districts
od-cyclone-fani-state-2019,2019-05,,2019,Cyclone Fani: state relief package,relief,Rahat Kosh (the relief fund),State,OD,Odisha,BJD,"Naveen Patnaik (Chief Minister, Odisha, BJD)","₹2,000, 50 kg rice and polythene sheets per family in the worst-hit areas; ₹95,100 per destroyed house","About 1.08 crore people in 14,835 villages",,,,,,"13.41 lakh people had been evacuated in 24 hours, officials said.",,relief,hrf121,https://occult-kranti.github.io/fact-duel/hisaab/#/q/hrf121,"The Times of India — Cyclone Fani toll jumps to 34, CM Naveen Patnaik announces relief package (5 May 2019)",https://timesofindia.indiatimes.com/india/cyclone-fani-toll-jumps-to-34-in-odisha-cm-naveen-patnaik-announces-relief-package/articleshow/69190600.cms
mh-mungantiwar-budget-2019,2019-06,,2019,Mungantiwar’s June 2019 budget,pre-election,Chunav Se Pehle (before the vote),State,MH,Maharashtra,BJP,"Sudhir Mungantiwar (Finance Minister, Maharashtra, BJP)","Farm focus, sops for women and disabled people, an employment programme for 10,000 small industries",,"Revenue deficit of about ₹20,293 crore projected",Maharashtra Assembly 2019,2019-10,125,"BJP 105, Shiv Sena 56, NCP 54 of 288","The BJP won 105 of 288, 17 fewer than in 2014; the Shiv Sena 56.",,pre-election,hpe214,https://occult-kranti.github.io/fact-duel/hisaab/#/q/hpe214,PRS Legislative Research — Maharashtra Budget Analysis 2019-20,https://prsindia.org/budgets/states/maharashtra-budget-analysis-2019-20
dl-free-power-200-units-2019,2019-08,,2019,Free power up to 200 units (Delhi),pre-election,Chunav Se Pehle (before the vote),State,DL,Delhi,AAP,"Arvind Kejriwal (Chief Minister, Delhi, AAP)",Zero bills up to 200 units a month; about 50% subsidy for 201–400 units,,,Delhi Assembly 2020,2020-02,191,AAP won 62 of 70 seats; BJP 8,Announced 191 days before polling; the AAP won 62 of 70 seats on 8 February 2020.,,distribution; pre-election,hdb121,https://occult-kranti.github.io/fact-duel/hisaab/#/q/hdb121,The Hindu — Free electricity for Delhiites using up to 200 units (2 Aug 2019),https://www.thehindu.com/news/national/other-states/free-electricity-for-delhiites-using-up-to-200-units/article28789468.ece
mh-kolhapur-sangli-flood-package-2019,2019-08,,2019,Kolhapur–Sangli flood package,relief,Rahat Kosh (the relief fund),State,MH,Maharashtra,BJP,"Devendra Fadnavis (Chief Minister, Maharashtra, BJP)","Crop compensation at three times NDRF norms, small-farm loan waivers, house rebuilding aid",,,Maharashtra Assembly 2019,2019-10,63,"BJP 105, Shiv Sena 56, NCP 54 of 288 seats",Announced 63 days before polling; the BJP fell from 122 to 105 seats. No cited source ties the package to the result.,,pre-election; relief,hrf211,https://occult-kranti.github.io/fact-duel/hisaab/#/q/hrf211,"Hindustan Times — Maharashtra government to waive farmers' loans, rebuild homes, relocate people (20 Aug 2019)",https://www.hindustantimes.com/mumbai-news/state-to-waive-farmers-loans-rebuild-homes-relocate-people/story-QubHTVWqDOhoxAikdlJtOI.html
in-corporate-tax-cut-2019,2019-09,,2019,Corporate tax cut to 22%,pre-election,Chunav Se Pehle (before the vote),Centre,IN,India-wide (Centre),NDA,"Nirmala Sitharaman (Union Finance Minister, BJP)",Optional 22% base rate for companies giving up exemptions; 15% for new manufacturers,,₹1.45 lakh crore a year in revenue forgone,Maharashtra & Haryana Assembly 2019,2019-10,31,"Maharashtra: BJP 105, Shiv Sena 56, NCP 54 of 288",Announced a day before the ECI set the Maharashtra and Haryana polls; the BJP–Shiv Sena won 161 of 288 in Maharashtra.,,pre-election,hpe029; hbx027,https://occult-kranti.github.io/fact-duel/hisaab/#/q/hpe029 https://occult-kranti.github.io/fact-duel/hisaab/#/q/hbx027,The Indian Express — How parties fared in Haryana and Maharashtra polls in 2014 (21 Sep 2019),https://indianexpress.com/article/india/how-parties-fared-in-haryana-and-maharashtra-assembly-polls-in-2014-6015815/
in-pm-kisan-maandhan-2019,2019-09,,2019,PM Kisan Maandhan,distribution,Seedha Khaate Mein (straight into the account),Centre,IN,India-wide (Centre),NDA,"Narendra Modi (Prime Minister, BJP)","₹3,000 a month pension from 60 for small farmers, contributions matched by the Centre",24.96 lakh farmers enrolled by Feb 2026,"₹10,774 crore three-year outlay; ₹540.66 crore used",,,,,Enrolment stayed far below the outlay: ₹540.66 crore utilised by February 2026 (PIB).,,distribution,hdb031,https://occult-kranti.github.io/fact-duel/hisaab/#/q/hdb031,"The Times of India — PM launches 'Kisan Maan-dhan Yojana', pension scheme for traders & self-employed (12 Sep 2019)",https://timesofindia.indiatimes.com/business/india-business/pm-launches-kisan-maandhan-yojana-pension-scheme-for-traders-self-employed-things-to-know/articleshow/71095633.cms
tg-crop-loan-waiver-2019,2019-09,,2019,"Crop loan waiver (Telangana, 2019 budget)",distribution,Seedha Khaate Mein (straight into the account),State,TG,Telangana,BRS,"K. Chandrasekhar Rao (Chief Minister, Telangana (presented the budget), TRS (now BRS))","A crop-loan waiver announced in the budget, delivering a TRS 2018 promise",,"₹6,000 crore (2019-20)",,,,,Payments paused for almost four years before a pre-poll release in 2023.,,distribution; pre-election,hdb225; hpe139,https://occult-kranti.github.io/fact-duel/hisaab/#/q/hdb225 https://occult-kranti.github.io/fact-duel/hisaab/#/q/hpe139,PRS Legislative Research — Telangana Budget Analysis 2019-20,https://prsindia.org/budgets/states/telangana-budget-analysis-2019-20
ap-ysr-rythu-bharosa-2019,2019-10,,2019,YSR Rythu Bharosa,distribution,Seedha Khaate Mein (straight into the account),State,AP,Andhra Pradesh,YSRCP,"Y.S. Jagan Mohan Reddy (Chief Minister, Andhra Pradesh, YSRCP)","₹13,500 a year per farmer family, counting PM-KISAN; tenant farmers included",Nearly 54 lakh farmers,"₹8,750 crore (2019-20 budget, PRS)",,,,,Replaced the TDP’s Annadata Sukhibhava; the government said it found 8 lakh more eligible farmers than the earlier survey.,,distribution,hdb222; hdb223,https://occult-kranti.github.io/fact-duel/hisaab/#/q/hdb222 https://occult-kranti.github.io/fact-duel/hisaab/#/q/hdb223,"Times of India — CM launches Rythu Bharosa, calls it his 'token of gratitude' (16 Oct 2019)",https://timesofindia.indiatimes.com/city/vijayawada/cm-launches-rythu-bharosa-calls-it-his-token-of-gratitude/articleshow/71604166.cms
dl-pink-ticket-2019,2019-10,,2019,Free bus travel for women (pink ticket),pre-election,Chunav Se Pehle (before the vote),State,DL,Delhi,AAP,"Arvind Kejriwal (Chief Minister, Delhi, AAP)",Free rides for women on government-run buses with a pink single-journey ticket,About 8.5 lakh regular women riders at launch,,Delhi Assembly 2020,2020-02,102,AAP won 62 of 70 seats; BJP 8,"Rolled out with 13,000 bus marshals, 102 days before polling; the AAP won 62 of 70 seats.",,distribution; pre-election,hst104,https://occult-kranti.github.io/fact-duel/hisaab/#/q/hst104,Al Jazeera — Pink tickets as Delhi rolls out free bus travel for women (29 Oct 2019),https://www.aljazeera.com/news/2019/10/29/pink-tickets-as-delhi-rolls-out-free-bus-travel-for-women
ka-floods-central-aid-2019,2019-10,,2019,Karnataka floods central aid,relief,Rahat Kosh (the relief fund),Centre,KA,Karnataka,NDA,,"₹1,200 crore released under SDRF and NDRF",,,,,,,"Against ₹35,160 crore of losses claimed; the Congress said the state was ‘humiliated’, the BJP called it a first instalment.",,relief,hrf122,https://occult-kranti.github.io/fact-duel/hisaab/#/q/hrf122,Frontline — Protests in Karnataka over Centre's flood relief aid (25 Oct 2019),https://frontline.thehindu.com/the-nation/article29766585.ece
mh-mahatma-phule-waiver-2019,2019-12,,2019,Mahatma Jyotirao Phule loan waiver,distribution,Seedha Khaate Mein (straight into the account),State,MH,Maharashtra,Shiv Sena,"Uddhav Thackeray (Chief Minister, Maharashtra, Shiv Sena)",Crop loans (2015–19) waived up to ₹2 lakh,,"₹15,000 crore (2019-20) and ₹7,000 crore (2020-21) for waivers",,,,,Fadnavis walked out saying a complete waiver had been promised.,,distribution,hdb226,https://occult-kranti.github.io/fact-duel/hisaab/#/q/hdb226,PRS Legislative Research — Maharashtra Budget Analysis 2020-21,https://prsindia.org/budgets/states/maharashtra-budget-analysis-2020-21
ct-godhan-nyay-2020,2020,,2020,Godhan Nyay Yojana,distribution,Seedha Khaate Mein (straight into the account),State,CT,Chhattisgarh,INC,"Bhupesh Baghel (Chief Minister, Chhattisgarh, INC)","State purchase of cow dung at ₹2 a kg, and from July 2022 cow urine at ₹4 a litre, for fertiliser and pesticide",,,,,,,Urine purchase began at Hareli 2022 through gauthan committees and SHGs; the bank holds no spending figures.,,distribution,hst230,https://occult-kranti.github.io/fact-duel/hisaab/#/q/hst230,The Indian Express — Chhattisgarh: Baghel government starts buying cow urine at Rs 4 a litre (28 Jul 2022),https://indianexpress.com/article/india/chhattisgarh-baghel-government-buying-cow-urine-make-pesticide-fertiliser-8056924/
ct-kisan-nyay-2020,2020,,2020,Rajiv Gandhi Kisan Nyay Yojana,distribution,Seedha Khaate Mein (straight into the account),State,CT,Chhattisgarh,INC,"Bhupesh Baghel (Chief Minister, Chhattisgarh, INC)",A bonus on paddy sold to the state,,"₹5,100 crore (2020-21 budget, PRS)",,,,,"The Congress lost power in the November 2023 poll: the BJP won 54 of 90 seats, the Congress 35.",,distribution,hdb228,https://occult-kranti.github.io/fact-duel/hisaab/#/q/hdb228,PRS Legislative Research — Chhattisgarh Budget Analysis 2020-21,https://prsindia.org/budgets/states/chhattisgarh-budget-analysis-2020-21
hp-grihini-suvidha,2020,yes,2020,Grihini Suvidha Yojana (free LPG),distribution,Seedha Khaate Mein (straight into the account),State,HP,Himachal Pradesh,BJP,"Jai Ram Thakur (Chief Minister, Himachal Pradesh, BJP)",Free LPG connections for homes left out of Ujjwala,"2,76,243 families by July 2020",,,,,,The government declared full household LPG coverage in July 2020 (its own claim); two more free cylinders followed in 2022.,,distribution; pre-election,hdb123; hdb413,https://occult-kranti.github.io/fact-duel/hisaab/#/q/hdb123 https://occult-kranti.github.io/fact-duel/hisaab/#/q/hdb413,ET EnergyWorld — Himachal becomes first state where cent pc households have gas connection: CM (6 Jul 2020),https://energy.economictimes.indiatimes.com/news/oil-and-gas/himachal-becomes-first-state-where-cent-pc-households-have-gas-connection-cm/76815307
mh-cm-covid-relief-fund-2020,2020,yes,2020,CM’s Covid-19 Relief Fund (Maharashtra),relief,Rahat Kosh (the relief fund),State,MH,Maharashtra,Shiv Sena,"Uddhav Thackeray (Chief Minister, Maharashtra, Shiv Sena)",A donations fund for Covid relief; largest spend on migrant workers’ train fares,,₹799 crore held; ₹192 crore spent (Nov 2021),,,,,"Only 24% had been used by November 2021, leaving ₹606.3 crore with no stated plan (RTI).",,relief,hrf125,https://occult-kranti.github.io/fact-duel/hisaab/#/q/hrf125,The Times of India — Only 24% of Rs 799 crore in CM's Covid fund has been used: RTI (23 Nov 2021),https://timesofindia.indiatimes.com/city/mumbai/only-24-of-rs-799cr-in-cms-covid-fund-has-been-used-rti/articleshow/87857043.cms
ap-amma-vodi-2020,2020-01,,2020,Jagananna Amma Vodi,distribution,Seedha Khaate Mein (straight into the account),State,AP,Andhra Pradesh,YSRCP,"Y.S. Jagan Mohan Reddy (Chief Minister, Andhra Pradesh, YSRCP)","₹15,000 a year to mothers of school-going children, up to Intermediate","42.12 lakh mothers, 81.72 lakh students (launch)","₹6,318 crore released at launch; ₹6,456 crore budgeted 2019-20",,,,,Attendance of 75% was waived in year one; the TDP-led government replaced it with Talliki Vandanam in 2025.,,distribution; pre-election,hdb227; hdb223; hst258,https://occult-kranti.github.io/fact-duel/hisaab/#/q/hdb227 https://occult-kranti.github.io/fact-duel/hisaab/#/q/hdb223 https://occult-kranti.github.io/fact-duel/hisaab/#/q/hst258,The New Indian Express — Andhra CM launches 'Amma Vodi' scheme in Chittoor district (9 Jan 2020),https://www.newindianexpress.com/states/andhra-pradesh/2020/Jan/09/andhra-cm-launches-amma-vodi-scheme-in-chittoor-district-2087331.html
mh-shiv-bhojan-2020,2020-01,,2020,Shiv Bhojan ₹10 thali,distribution,Seedha Khaate Mein (straight into the account),State,MH,Maharashtra,Shiv Sena,"Uddhav Thackeray (Chief Minister, Maharashtra, Shiv Sena)","A meal for ₹10, the state paying ₹40 of a ₹50 thali","About 1,800 centres, two lakh people a day",,,,,,"Left out of the 2025 budget, it got ₹21 crore before the BMC polls; operators said dues ran up to nine months late.",,distribution,hdb410,https://occult-kranti.github.io/fact-duel/hisaab/#/q/hdb410,"The Indian Express — Double whammy: LPG crunch, unpaid dues push Pune’s Shiv Bhojan Thali centres to the brink (17 Mar 2026)",https://indianexpress.com/article/pune/lpg-crunch-unpaid-dues-pune-shiv-bhojan-thali-centres-brink-10587369/
in-pm-cares-2020,2020-03,,2020,PM CARES Fund,relief,Rahat Kosh (the relief fund),Centre,IN,India-wide (Centre),NDA,"Narendra Modi (Prime Minister; ex-officio Chairman of the PM CARES Fund, BJP)","A public charitable trust for Covid and emergencies, funded by voluntary donations",,"₹3,976 crore disbursed in 2020-21 (vaccines, ventilators, migrants, oxygen plants)",,,,,"Held ₹8,452.07 crore in March 2025. The SC declined to move its money to the NDRF; the trust says it is not a government fund.",,relief,hbx035; hbx036; hbx037; hbx038; hbx039; hrf033; hrf034; hrf040,https://occult-kranti.github.io/fact-duel/hisaab/#/q/hbx035 https://occult-kranti.github.io/fact-duel/hisaab/#/q/hbx036 https://occult-kranti.github.io/fact-duel/hisaab/#/q/hbx037 https://occult-kranti.github.io/fact-duel/hisaab/#/q/hbx038 https://occult-kranti.github.io/fact-duel/hisaab/#/q/hbx039 https://occult-kranti.github.io/fact-duel/hisaab/#/q/hrf033 https://occult-kranti.github.io/fact-duel/hisaab/#/q/hrf034 https://occult-kranti.github.io/fact-duel/hisaab/#/q/hrf040,"PM CARES Fund — Audited receipts and payments account, period ended 31 Mar 2020",https://pmcares.gov.in/assets/donation/pdf/Audited%20Statement.PDF
in-pmgkp-insurance-2020,2020-03,,2020,PMGKP insurance for health workers,relief,Rahat Kosh (the relief fund),Centre,IN,India-wide (Centre),NDA,"Nirmala Sitharaman (Union Finance Minister, BJP)",₹50 lakh Covid insurance cover for health workers,About 22 lakh health workers covered,"About ₹1,272 crore paid (2,545 claims)",,,,,"2,545 claims had been paid by February 2025; the ministry keeps no profession-wise Covid death data.",,relief,hrf028,https://occult-kranti.github.io/fact-duel/hisaab/#/q/hrf028,"New Indian Express — Profession-wise COVID-19 death data not maintained centrally, Centre tells Lok Sabha (7 Feb 2025)",https://www.newindianexpress.com/india/2025/Feb/07/profession-wise-covid-19-death-data-not-maintained-centrally-no-martyrs-status-centre-tells-lok-sabha
in-pmgky-package-2020,2020-03,,2020,PM Garib Kalyan package: cash to women,relief,Rahat Kosh (the relief fund),Centre,IN,India-wide (Centre),NDA,"Nirmala Sitharaman (Union Finance Minister, BJP)",₹500 a month for three months to women Jan Dhan account holders,20.65 crore women,"₹30,975 crore",,,,,44% of recipients used their accounts after the first instalment; coverage ranged from over 95% (Karnataka) to 35.5% (Mizoram).,,distribution; relief,hdb032,https://occult-kranti.github.io/fact-duel/hisaab/#/q/hdb032,Factly — Data: state-wise coverage of women PMJDY account holders under PMGKY (23 Sep 2021),https://factly.in/data-what-is-the-state-wise-coverage-of-women-pmjdy-account-holders-under-pmgky/
in-mplads-suspension-2020,2020-04,,2020,MPLADS suspended for Covid,relief,Rahat Kosh (the relief fund),Centre,IN,India-wide (Centre),NDA,"Prakash Javadekar (Union Minister (announced the Cabinet decision, Apr 2020), BJP)",Two years of MPs’ local-area funds redirected to the Consolidated Fund; 30% salary cut for MPs and ministers,,"₹7,900 crore redirected",,,,,A Congress MP welcomed the salary cut but called suspending MPLADS ‘a bit of an overstretch’.,,relief,hbx050,https://occult-kranti.github.io/fact-duel/hisaab/#/q/hbx050,"Business Standard (ANI) — PM, ministers, MPs to get 30% less salary; MPLAD funds suspended for 2 years (6 Apr 2020)",https://www.business-standard.com/article/news-ani/pm-ministers-mps-to-get-30-pc-less-salary-mplad-funds-suspended-for-2-years-120040600896_1.html
kl-free-food-kits-2020,2020-04,,2020,Free food kits (Kerala),pre-election,Chunav Se Pehle (before the vote),State,KL,Kerala,LDF,"Pinarayi Vijayan (Chief Minister, Kerala, CPI(M))","A 17-item food kit for every ration-card holder, extended into 2021",Over 87 lakh families,,Kerala Assembly 2021,2021-04,361,LDF re-elected with 99 of 140; UDF 41,"The LDF won 99 of 140 seats in April 2021, breaking a 40-year pattern of voting governments out.",,distribution; pre-election; relief,hpe130,https://occult-kranti.github.io/fact-duel/hisaab/#/q/hpe130,The News Minute — Pinarayi government's pandemic food kits have struck a chord with people (20 Mar 2021),https://www.thenewsminute.com/kerala/pinarayi-government-s-pandemic-food-kits-have-struck-chord-people-145620
tg-lockdown-cash-2020,2020-04,,2020,Lockdown cash per white ration card (Telangana),relief,Rahat Kosh (the relief fund),State,TG,Telangana,BRS,"K. Chandrasekhar Rao (Chief Minister, Telangana, TRS (now BRS))","₹1,500 per white ration card plus 12 kg of free rice",About 76 lakh accounts,"₹1,112 crore credited; ₹2,000 crore programme",,,,,"Over 87% of the free rice, more than three lakh tonnes, reached over 76 lakh card holders.",,distribution; relief,hrf213,https://occult-kranti.github.io/fact-duel/hisaab/#/q/hrf213,"The Times of India — Telangana: 76 lakh ration card holders get Rs 1,500 each (15 Apr 2020)",https://timesofindia.indiatimes.com/city/hyderabad/76-lakh-ration-card-holders-get-rs-1-5k-each/articleshow/75149411.cms
up-covid-maintenance-allowance-2020,2020-04,,2020,"Covid maintenance allowance ₹1,000 (UP)",relief,Rahat Kosh (the relief fund),State,UP,Uttar Pradesh,BJP,"Yogi Adityanath (Chief Minister, Uttar Pradesh, BJP)","₹1,000 by DBT to labourers and daily wagers; a month’s free ration","35 lakh labourers, 11 lakh construction workers, 5 lakh urban wagers",,,,,,"In the second wave, June 2021, the state sent ₹1,000 each to 23 lakh daily wagers (₹230 crore).",,distribution; relief,hrf212,https://occult-kranti.github.io/fact-duel/hisaab/#/q/hrf212,The New Indian Express — CM Yogi releases Rs 48.2 crore as maintenance allowance for five lakh labourers (10 Apr 2020),https://www.newindianexpress.com/india/2020/Apr/10/covid-19-lockdown-cm-yogi-releases-rs-482-crore-as-maintenance-allowance-for-five-lakh-labourers-2128406.html
in-atmanirbhar-2020,2020-05,,2020,Atmanirbhar Bharat package,relief,Rahat Kosh (the relief fund),Centre,IN,India-wide (Centre),NDA,"Narendra Modi (Prime Minister, BJP); Nirmala Sitharaman (Union Finance Minister, BJP)","Headline ₹20.97 lakh crore package, including RBI liquidity and the earlier Garib Kalyan package",,New spending near 1% of GDP by most calculations,,,,,"RBI measures alone were 38% of the headline figure, by the Finance Ministry’s own breakdown.",,relief,hrf029,https://occult-kranti.github.io/fact-duel/hisaab/#/q/hrf029,Indian Express — ExplainSpeaking: Why the Atmanirbhar Bharat Abhiyan economic package is being criticised (18 May 2020),https://indianexpress.com/article/explained/explainspeaking-why-the-atmanirbhar-bharat-abhiyan-economic-package-is-being-criticised-6414905/
wb-cyclone-amphan-central-2020,2020-05,,2020,Cyclone Amphan: NDRF award,relief,Rahat Kosh (the relief fund),Centre,WB,West Bengal,NDA,"Narendra Modi (Prime Minister, BJP)","₹1,000 crore advance, then ₹2,707.7 crore cleared subject to the SDRF balance",,,,,,,"The MHA released ₹2,250.28 crore after adjusting half the state’s SDRF balance; the state had sought ₹35,018 crore.",,relief,hrf030,https://occult-kranti.github.io/fact-duel/hisaab/#/q/hrf030,"Times of India — Bengal inflated Amphan relief claim by ₹32,000 cr, says CAG report (25 Jul 2026)",https://timesofindia.indiatimes.com/city/kolkata/bengal-inflated-amphan-relief-claim-by-32000-cr-says-cag-report/articleshow/132629782.cms
wb-cyclone-amphan-relief-2020,2020-05,,2020,Cyclone Amphan: state relief grants,relief,Rahat Kosh (the relief fund),State,WB,West Bengal,TMC,,House-building and relief grants to affected families,19.38 lakh beneficiaries checked in six districts (CAG),,,,,,"CAG (2026): 9,226 people paid up to nine times and claims inflated by nearly ₹32,000 crore; the TMC questioned the report’s neutrality.",,relief,hrf123,https://occult-kranti.github.io/fact-duel/hisaab/#/q/hrf123,"The Indian Express — 'Same photos, many claims': the CAG's Amphan relief audit (31 Jul 2026)",https://indianexpress.com/article/political-pulse/cag-flags-cyclone-amphan-2020-relief-irregularities-tmc-west-bengal-10811195/
in-pmgkay-extension-2020,2020-06,,2020,Free grain extended to November 2020,pre-election,Chunav Se Pehle (before the vote),Centre,IN,India-wide (Centre),NDA,"Narendra Modi (Prime Minister, BJP)",5 kg of grain and 1 kg of pulses free a month for five more months,80 crore people,"Over ₹90,000 crore extra",Bihar Assembly 2020,2020-10,120,NDA won 125 of 243 seats; Mahagathbandhan 110,Bihar voted 120 days later; the NDA kept Bihar with 125 of 243 seats.,,distribution; pre-election; relief,hpe030,https://occult-kranti.github.io/fact-duel/hisaab/#/q/hpe030,Times of India — PM Modi announces extension of free ration scheme (30 Jun 2020),https://timesofindia.indiatimes.com/business/india-business/pm-modi-announces-extension-of-free-ration-scheme-says-govt-working-on-one-nation-one-ration-card/articleshow/76710523.cms
pb-smart-connect-2020,2020-08,,2020,Punjab Smart Connect phones,pre-election,Chunav Se Pehle (before the vote),State,PB,Punjab,INC,"Amarinder Singh (Chief Minister, Punjab, INC)","Free smartphones for Class 12 government-school students, a 2017 promise","1,74,015 students in phase one",₹92 crore,Punjab Assembly 2022,2022-02,557,AAP won 92 of 117; Congress 18,The AAP won the February 2022 poll with 92 of 117 seats; the Congress fell to 18.,,distribution; pre-election,hpe128,https://occult-kranti.github.io/fact-duel/hisaab/#/q/hpe128,"The New Indian Express — Amarinder launches 'Punjab Smart Connect', 174015 Class XII students to benefit in Phase 1 (12 Aug 2020)",https://www.newindianexpress.com/india/2020/Aug/12/amarinder-launches-punjab-smart-connect-174015-class-xii-students-to-benefit-in-phase-1-2182526.html
as-arundhati-gold-2020,2020-09,,2020,Arundhati gold scheme,pre-election,Chunav Se Pehle (before the vote),State,AS,Assam,BJP,"Sarbananda Sonowal (Chief Minister, Assam, BJP); Himanta Biswa Sarma (Finance Minister, Assam, BJP)","₹40,000 per newly-wed couple to buy 10 g of gold for the bride (approved at ₹30,000 in 2019)","587 of the first 1,121 applicant couples found eligible",,Assam Assembly 2021,2021-03,184,BJP-led NDA won 75 of 126 seats,"Payouts began six months before the 2021 poll, in which the BJP-led NDA kept power with 75 of 126 seats.",,distribution; pre-election,hdb320,https://occult-kranti.github.io/fact-duel/hisaab/#/q/hdb320,"India Today — Assam: Eligible newlyweds to get Rs 40,000 as aid under 'Arundhati Gold Scheme' (24 Sep 2020)",https://www.indiatoday.in/india/story/assam-eligible-newlyweds-to-get-rs-40-000-as-aid-under-arundhati-gold-scheme-1725083-2020-09-24
as-orunodoi-2020,2020-10,,2020,Orunodoi,pre-election,Chunav Se Pehle (before the vote),State,AS,Assam,BJP,"Himanta Biswa Sarma (Finance Minister, Assam, BJP); Sarbananda Sonowal (Chief Minister, Assam, BJP)","Monthly cash to women heads of poor households: ₹830, then ₹1,000 (2021) and ₹1,250 (2022)",17 lakh (2020-21) to 24 lakh (2024-25); about 40 lakh by 2026,"₹3,680 crore (2024-25); ₹6,000 crore (2025-26 revised)",Assam Assembly 2021,2021-03,,BJP-led NDA won 75 of 126 seats,"The NDA kept Assam in 2021 (75 of 126); a February 2021 pledge of ₹3,000 a month had not been met by 2026.",,distribution; pre-election,hst320; hdb321,https://occult-kranti.github.io/fact-duel/hisaab/#/q/hst320 https://occult-kranti.github.io/fact-duel/hisaab/#/q/hdb321,PRS Legislative Research — Assam Budget Analysis 2026-27 (2026),https://prsindia.org/budgets/states/assam-budget-analysis-2026-27
tg-hyderabad-flood-relief-2020,2020-10,,2020,"Hyderabad flood relief ₹10,000",relief,Rahat Kosh (the relief fund),State,TG,Telangana,BRS,"K. Chandrasekhar Rao (Chief Minister, Telangana, TRS (now BRS))","₹10,000 to each flood-hit family",6.64 lakh families,₹664 crore by 18 Nov 2020,GHMC (Hyderabad) civic poll 2020,2020-12,43,"TRS 56 of 150 wards, BJP 48, AIMIM 44, Congress 2","The SEC paused payments under the civic-poll code; the TRS won 56 of 150 wards, the BJP 48.",,pre-election; relief,hrf124,https://occult-kranti.github.io/fact-duel/hisaab/#/q/hrf124,The Hindu — EC slams brakes on flood relief grant (18 Nov 2020),https://www.thehindu.com/news/cities/Hyderabad/ec-slams-brakes-on-flood-relief-grant/article33127742.ece
tn-pongal-cash-2021,2020-12,,2020,"Pongal cash ₹2,500",pre-election,Chunav Se Pehle (before the vote),State,TN,Tamil Nadu,AIADMK,"Edappadi K. Palaniswami (Chief Minister, Tamil Nadu, AIADMK)","₹2,500 cash plus a Pongal kit per ration-card family",2.6 crore families,,Tamil Nadu Assembly 2021,2021-04,92,DMK won 133 of 234 seats and formed the government; AIADMK 66,Announced 92 days before polling; the DMK won 133 of 234 and the AIADMK 66.,,distribution; pre-election,hdb229,https://occult-kranti.github.io/fact-duel/hisaab/#/q/hdb229,"The New Indian Express — TN Chief Minister announces Rs 2,500 cash, Pongal gift kit (20 Dec 2020)",https://www.newindianexpress.com/states/tamil-nadu/2020/Dec/20/tn-chiefministerannounces-rs-2500cashpongal-gift-kit--2238645.html
wb-duare-sarkar-2020,2020-12,,2020,Duare Sarkar camps,pre-election,Chunav Se Pehle (before the vote),State,WB,West Bengal,TMC,"Mamata Banerjee (Chief Minister, West Bengal, TMC)",Doorstep camps to sign up for at least 11 state welfare schemes,Over 1 crore visitors in two weeks; 64 lakh enrolled,,West Bengal Assembly 2021,2021-03,116,TMC won 213 of 292 seats polled; BJP 77,Polling began 116 days later; the TMC won 213 of 292. No study cited ties the result to the camps.,,distribution; pre-election,hdb305,https://occult-kranti.github.io/fact-duel/hisaab/#/q/hdb305,Mint — Bengal's 'Duare Sarkar' reached over 1 crore people in 2 weeks: CM Mamata (19 Dec 2020),https://www.livemint.com/news/india/bengal-s-duare-sarkar-reached-over-1-crore-people-in-2-weeks-cm-mamata-11608367316616.html
ct-mahtari-dular-2021,2021,,2021,Mahtari Dular Yojana for Covid orphans,relief,Rahat Kosh (the relief fund),State,CT,Chhattisgarh,INC,"Bhupesh Baghel (Chief Minister, Chhattisgarh, INC)","₹500–₹1,000 a month and free schooling for children who lost an earning parent to Covid",,,,,,,"Extended in June 2021 to private-school pupils, whose fees the state would pay; the bank holds no reach figures.",,relief,hrf218,https://occult-kranti.github.io/fact-duel/hisaab/#/q/hrf218,The Times of India — Chhattisgarh govt to pay school fees of Covid orphaned children (14 Jun 2021),https://timesofindia.indiatimes.com/education/news/chhattisgarh-govt-to-pay-school-fees-of-covid-orphaned-children/articleshow/83512179.cms
in-15th-fc-mitigation-2021,2021,,2021,Disaster risk funds split 80:20 (15th Finance Commission),relief,Rahat Kosh (the relief fund),Centre,IN,India-wide (Centre),NDA,,State and national disaster funds split between response (80%) and a new mitigation fund (20%),,"₹1,60,153 crore to state funds; ₹68,463 crore national (2021–26)",,,,,"SDRF releases ran at 95–100% of allocations, but releases to state mitigation funds only about 80% (16th FC review).",,relief,hrf215,https://occult-kranti.github.io/fact-duel/hisaab/#/q/hrf215,"Rajya Sabha Standing Committee on Home Affairs — 261st Report, Disaster Management, paras 2.13.6–2.13.20 (7 Aug 2026)",https://bucketapi.rajyasabha.digital/public-bucket/uploads/committee/2026_08_21_committee_3339_976_6a881941b462a.pdf
mp-sheopur-flood-compensation-2021,2021,,2021,"Flood compensation (Sheopur, 2021)",relief,Rahat Kosh (the relief fund),State,MP,Madhya Pradesh,BJP,,Flood compensation meant for 794 residents of Baroda tehsil,,,,,,,"Police allege a ₹2–2.5 crore fraud; an audit found at least 127 fake or unrelated accounts. A former tehsildar, arrested in March 2026, denies it.",,relief,hrf134,https://occult-kranti.github.io/fact-duel/hisaab/#/q/hrf134,"The Indian Express — From KBC fame to 'corruption' arrest, tehsildar lands in jail (27 Mar 2026)",https://indianexpress.com/article/india/from-kbc-fame-to-corruption-arrest-tehsildar-who-sat-opposite-amitabh-bachchan-in-2019-lands-in-jail-10603907/
br-kanya-utthan-2021,2021-02,,2021,Mukhyamantri Kanya Utthan Yojana (grant hike),distribution,Seedha Khaate Mein (straight into the account),State,BR,Bihar,JD(U),"Nitish Kumar (Chief Minister, Bihar, JD(U))","Graduation grant raised from ₹25,000 to ₹50,000; Class 12 grant from ₹10,000 to ₹25,000",Potential reach 1.6 crore girls (India Today),,,,,,Higher grants apply from 2021-22; the bank holds no disbursement figures yet.,,distribution,hdb125,https://occult-kranti.github.io/fact-duel/hisaab/#/q/hdb125,"India Today — Bihar govt to give Rs 50,000 to graduate girls, Rs 25,000 to those who passed class 12 (3 Feb 2021)",https://www.indiatoday.in/education-today/news/story/bihar-govt-to-give-rs-50-000-to-graduate-girls-rs-25-000-to-those-who-passed-class-12-1765555-2021-02-03
tn-budget-2021-highways,2021-02,,2021,Budget 2021-22: highways for poll-bound states,pre-election,Chunav Se Pehle (before the vote),Centre,TN,Tamil Nadu,NDA,"Nirmala Sitharaman (Union Finance Minister, BJP)","3,500 km of highways in Tamil Nadu (₹1.03 lakh crore), plus Kerala, West Bengal and Assam works",,,"Assembly polls in 4 states and Puducherry, 2021",2021-03,54,"TMC kept West Bengal, BJP Assam, LDF Kerala; DMK-led alliance won Tamil Nadu","The BJP kept Assam; the TMC, the LDF and the DMK-led alliance won the other three states.",,pre-election,hpe031,https://occult-kranti.github.io/fact-duel/hisaab/#/q/hpe031,"indiabudget.gov.in — Budget Speech 2021-22, Nirmala Sitharaman (1 Feb 2021)",https://www.indiabudget.gov.in/budget2021-22/doc/Budget_Speech.pdf
tn-crop-loan-waiver-2021,2021-02,,2021,"Crop loan waiver (Tamil Nadu, 2021)",pre-election,Chunav Se Pehle (before the vote),State,TN,Tamil Nadu,AIADMK,"Edappadi K. Palaniswami (Chief Minister, Tamil Nadu, AIADMK)",Co-operative crop loans waived,16.43 lakh farmers,"₹12,110 crore",Tamil Nadu Assembly 2021,2021-04,60,DMK-led alliance won 159 of 234; DMK alone 133,Announced 60 days before polling; the DMK-led alliance won 159 of 234.,,distribution; pre-election,hpe131,https://occult-kranti.github.io/fact-duel/hisaab/#/q/hpe131,"The Hindu — TN CM announces ₹12,110 crore crop loan waiver (5 Feb 2021)",https://www.thehindu.com/news/national/tamil-nadu/tn-cm-announces-12110-crore-crop-loan-waiver/article33759653.ece
dl-covid-family-aid-2021,2021-05,,2021,Covid-19 family aid scheme (Delhi),relief,Rahat Kosh (the relief fund),State,DL,Delhi,AAP,"Arvind Kejriwal (Chief Minister, Delhi, AAP)","₹50,000 per Covid death, plus ₹2,500 a month where the breadwinner died","21,235 of 25,100 applicants paid ₹50,000 by Dec 2021; 7,955 on the monthly aid",,,,,,"The Supreme Court’s national ₹50,000 ex gratia (Oct 2021) came over and above state schemes like this one.",,relief,hrf126,https://occult-kranti.github.io/fact-duel/hisaab/#/q/hrf126,"Mint — ₹50K ex-gratia, monthly pension: Delhi govt notifies scheme for Covid victims' kin (23 Jun 2021)",https://www.livemint.com/news/india/rs-50k-ex-gratia-monthly-pension-delhi-govt-notifies-scheme-for-covid-victims-kin-11624405671692.html
in-cyclones-tauktae-yaas-2021,2021-05,,2021,Cyclones Tauktae and Yaas: PM’s aid,relief,Rahat Kosh (the relief fund),Centre,IN,India-wide (Centre),NDA,"Narendra Modi (Prime Minister, BJP)","₹1,000 crore for Gujarat after Tauktae; ₹1,000 crore after Yaas (₹500 crore to Odisha at once)",,,,,,,"Both added ₹2 lakh ex gratia per death; Bengal sought ₹20,000 crore and a Maharashtra minister called the Gujarat-only survey discrimination.",,relief,hrf216,https://occult-kranti.github.io/fact-duel/hisaab/#/q/hrf216,"Rediff (PTI) — PM announces Rs 1,000 cr for cyclone relief in Odisha, Bengal, Jharkhand (28 May 2021)",https://www.rediff.com/news/report/pm-modi-reviews-cyclone-yaas-damages-in-odisha/20210528.htm
in-pm-cares-for-children-2021,2021-05,,2021,PM CARES for Children,relief,Rahat Kosh (the relief fund),Centre,IN,India-wide (Centre),NDA,"Narendra Modi (Prime Minister (chairs PM CARES), BJP)",₹10 lakh at age 23 for children orphaned by Covid,"4,532 of 9,331 applications approved by July 2024",,,,,,"4,781 applications were rejected with no specific reason given; the fund spent ₹15.37 crore on it in 2023-24.",,relief,hrf217,https://occult-kranti.github.io/fact-duel/hisaab/#/q/hrf217,The Hindu (PTI) — Over half of PM CARES for Children scheme applications for COVID orphans rejected (16 Jul 2024),https://www.thehindu.com/news/national/over-half-of-pm-cares-for-children-scheme-applications-for-covid-orphans-rejected/article68409285.ece
tn-covid-relief-4000-2021,2021-05,,2021,"Covid relief ₹4,000 per rice card",relief,Rahat Kosh (the relief fund),State,TN,Tamil Nadu,DMK,"M.K. Stalin (Chief Minister, Tamil Nadu, DMK)","₹4,000 per rice ration card in two parts, plus a 14-item grocery kit",2.09 crore card holders,"₹8,392.76 crore; kits ₹844.51 crore",,,,,"A DMK pre-poll promise, paid from its first orders after winning the April 2021 poll.",,distribution; relief,hrf214,https://occult-kranti.github.io/fact-duel/hisaab/#/q/hrf214,"Livemint — Stalin's 1st orders as Tamil Nadu CM: ₹2,000 Covid time relief (7 May 2021)",https://www.livemint.com/news/india/mk-stalin-s-first-orders-as-tamil-nadu-cm-rs-2-000-covid-time-relief-govt-to-bear-covid-treatment-cost-in-private-hospitals-11620377935898.html
tn-vidiyal-payanam-2021,2021-05,,2021,Vidiyal Payanam free bus travel,distribution,Seedha Khaate Mein (straight into the account),State,TN,Tamil Nadu,DMK,"M.K. Stalin (Chief Minister, Tamil Nadu, DMK)",Free rides for women on ordinary government buses,570.86 crore trips by Oct 2024; 57.07 lakh women a day,"₹4,000 crore (2026 interim budget)",,,,,The TVK government kept it but dropped ‘Vidiyal’ from the name in July 2026.,,distribution,hdb411,https://occult-kranti.github.io/fact-duel/hisaab/#/q/hdb411,The New Indian Express — ‘57 lakh women benefit from Magalir Vidiyal Payanam daily’ (24 Nov 2024),https://www.newindianexpress.com/states/tamil-nadu/2024/Nov/24/57-lakh-women-benefit-from-magalir-vidiyal-payanam-daily
in-covid-death-ex-gratia-2021,2021-06,,2021,"Covid death ex gratia (₹50,000)",relief,Rahat Kosh (the relief fund),Centre,IN,India-wide (Centre),NDA,,"₹50,000 per Covid death, paid by states from disaster funds within 30 days",,,,,,,"Gujarat approved 16,175 claims by Dec 2021 against an official toll of 10,099; in 2022 the SC allowed checks of 5% of claims in four states.",,relief,hrf031; hrf127,https://occult-kranti.github.io/fact-duel/hisaab/#/q/hrf031 https://occult-kranti.github.io/fact-duel/hisaab/#/q/hrf127,LiveLaw — States should not deny ex-gratia for COVID deaths on ground that death certificate does not mention COVID (4 Oct 2021),https://www.livelaw.in/top-stories/states-should-not-deny-ex-gratia-for-covid-deaths-on-ground-that-death-certificate-does-not-mention-covid-as-cause-of-death-supreme-court-183028
in-ujjwala-2-2021,2021-08,,2021,Ujjwala 2.0,pre-election,Chunav Se Pehle (before the vote),Centre,IN,India-wide (Centre),NDA,"Narendra Modi (Prime Minister, BJP)","Free LPG connections, with migrants allowed to self-declare their address",,,UP Assembly 2022,2022-02,184,BJP won 255 of 403 seats; SP 111,Launched 184 days before UP polling; the BJP won 255 of 403. The cited sources make no causal claim.,,distribution; pre-election,hdb034,https://occult-kranti.github.io/fact-duel/hisaab/#/q/hdb034,"PIB — PM launches Ujjwala 2.0 from Mahoba, Uttar Pradesh (10 Aug 2021)",https://www.pib.gov.in/PressReleasePage.aspx?PRID=1744400
tg-dalit-bandhu-2021,2021-08,,2021,Dalit Bandhu,pre-election,Chunav Se Pehle (before the vote),State,TG,Telangana,BRS,"K. Chandrasekhar Rao (Chief Minister, Telangana, TRS (now BRS))","₹10 lakh grant to each eligible Scheduled Caste family, with no bank loan",76 families at the Vasalamarri launch,₹7.6 crore at launch,Huzurabad by-election 2021,2021-10,87,"BJP won by 23,855 votes (51.96% to the TRS’s 40.38%)","The BJP won the Huzurabad by-election 87 days later by 23,855 votes.",,distribution; pre-election,hdb230,https://occult-kranti.github.io/fact-duel/hisaab/#/q/hdb230,The New Indian Express — Telangana CM KCR launches Dalit Bandhu in his very own Vasalamarri village (5 Aug 2021),https://www.newindianexpress.com/states/telangana/2021/Aug/05/telangana-chief-minister-kcr-launches-dalit-bandhuin-his-very-own-vasalamarri-village-2340287.html
ga-free-water-2021,2021-09,,2021,Free household water (Goa),pre-election,Chunav Se Pehle (before the vote),State,GA,Goa,BJP,"Pramod Sawant (Chief Minister, Goa, BJP)","Free water up to 16,000 litres a month per household",About 60% of people with zero bills (CM),,Goa Assembly 2022,2022-02,166,BJP won 20 of 40; Congress 11,In the February 2022 poll the BJP won 20 of 40 seats; the Congress won 11.,,distribution; pre-election,hpe134,https://occult-kranti.github.io/fact-duel/hisaab/#/q/hpe134,"The Indian Express — Goa free water scheme to begin today, first state to do so: Pramod Sawant (1 Sep 2021)",https://indianexpress.com/article/india/goa-free-water-scheme-to-begin-today-first-state-to-do-so-pramod-sawant-7481239/
pb-power-bill-waiver-2021,2021-09,,2021,Power-bill waiver for small connections (Punjab),pre-election,Chunav Se Pehle (before the vote),State,PB,Punjab,INC,"Charanjit Singh Channi (Chief Minister, Punjab, INC)",Pending power bills waived for connections up to 2 kW; cut connections restored,53 lakh consumers,"About ₹1,200 crore",Punjab Assembly 2022,2022-02,144,AAP won 92 of 117; Congress 18,Announced 144 days before polling; the AAP won 92 of 117.,,distribution; pre-election,hpe133,https://occult-kranti.github.io/fact-duel/hisaab/#/q/hpe133,Business Standard — Punjab to waive pending power bills of those having connection of upto 2 kW (29 Sep 2021),https://www.business-standard.com/article/economy-policy/punjab-to-waive-pending-power-bills-of-those-having-connection-of-upto-2-kw-121092901283_1.html
wb-lakshmir-bhandar-2021,2021-09,,2021,Lakshmir Bhandar,distribution,Seedha Khaate Mein (straight into the account),State,WB,West Bengal,TMC,"Mamata Banerjee (Chief Minister, West Bengal, TMC)","Monthly cash for women aged 25–60 without a government job: ₹500–₹1,000 at launch",Over 2.2 crore women by Feb 2026,"₹74,000 crore in 50 months; ₹28,615 crore (2025-26 revised)",,,,,A 2021 TMC manifesto promise. A finance official said other projects were curtailed; mid-day meals spent 19% of their 2025-26 allocation.,,distribution; pre-election,hpe132; hdb308; hdb307,https://occult-kranti.github.io/fact-duel/hisaab/#/q/hpe132 https://occult-kranti.github.io/fact-duel/hisaab/#/q/hdb308 https://occult-kranti.github.io/fact-duel/hisaab/#/q/hdb307,Times of India — Lakshmir Bhandar bank transfer from today (1 Sep 2021),https://timesofindia.indiatimes.com/city/kolkata/lakshmir-bhandar-bank-transfer-from-today/articleshow/85816832.cms
in-farm-laws-repeal-2021,2021-11,,2021,Farm laws repealed,pre-election,Chunav Se Pehle (before the vote),Centre,IN,India-wide (Centre),NDA,"Narendra Modi (Prime Minister, BJP); Narendra Singh Tomar (Union Agriculture Minister, BJP)",Repeal of the three farm laws,,,"Assembly polls in UP, Punjab and 3 other states, 2022",2022-02,83,BJP kept UP with 255 of 403 seats; AAP won Punjab with 92 of 117,Polling began 83 days after the announcement; the BJP kept UP with 255 of 403 and the AAP won Punjab with 92 of 117.,,pre-election,hpe033,https://occult-kranti.github.io/fact-duel/hisaab/#/q/hpe033,The Hindu — Farm Laws Repeal Bill passed in Rajya Sabha by voice vote in less than five minutes (29 Nov 2021),https://www.thehindu.com/news/national/farm-laws-repeal-bill-passed-in-rajya-sabha-by-voice-vote-in-less-than-five-minutes/article37747790.ece
in-fuel-excise-cut-2021,2021-11,,2021,Fuel excise cut (Diwali 2021),pre-election,Chunav Se Pehle (before the vote),Centre,IN,India-wide (Centre),NDA,,Excise cut by ₹10 a litre on diesel and ₹5 on petrol; BJP-ruled states cut VAT,,,"Assembly polls in UP, Punjab and 3 other states, 2022",2022-02,99,BJP kept UP with 255 of 403 seats; AAP won Punjab with 92 of 117,Polling began 99 days later; the BJP kept UP (255 of 403) and the AAP swept Punjab.,,pre-election,hpe032,https://occult-kranti.github.io/fact-duel/hisaab/#/q/hpe032,"Times of India — Centre slashes excise duty on diesel by Rs 10, petrol Rs 5 (3 Nov 2021)",https://timesofindia.indiatimes.com/business/india-business/excise-duty-slashed-by-rs-10-on-diesel-rs-5-on-petrol/articleshow/87515788.cms
pb-power-tariff-cut-2021,2021-11,,2021,₹3-a-unit power tariff cut (Punjab),pre-election,Chunav Se Pehle (before the vote),State,PB,Punjab,INC,"Charanjit Singh Channi (Chief Minister, Punjab, INC)",Domestic tariffs cut by ₹3 a unit for loads up to 7 kW,About 69 lakh of 71 lakh domestic consumers,,Punjab Assembly 2022,2022-02,111,AAP won 92 of 117 seats; Congress 18,"The Congress lost in 2022; the AAP withdrew the cut in Sept 2024 (saving ₹1,500–1,800 crore a year), keeping 300 free units.",,distribution; pre-election,hdb124,https://occult-kranti.github.io/fact-duel/hisaab/#/q/hdb124,Business Standard (PTI) — Punjab Cabinet withdraws previous Cong govt’s decision of subsidised power (5 Sep 2024),https://www.business-standard.com/india-news/punjab-cabinet-withdraws-previous-cong-govt-s-decision-of-subsidised-power-124090500693_1.html
up-free-smartphones-tablets-2021,2021-12,,2021,Free smartphones and tablets (UP),pre-election,Chunav Se Pehle (before the vote),State,UP,Uttar Pradesh,BJP,"Yogi Adityanath (Chief Minister, Uttar Pradesh, BJP)",Free smartphones and tablets for students and young people,One crore devices targeted,"₹3,000 crore (Aug 2021 supplementary budget)",UP Assembly 2022,2022-02,47,BJP won 255 of 403 seats; SP 111,Handouts began 47 days before polling; the BJP won 255 of 403 seats.,,distribution; pre-election,hdb126,https://occult-kranti.github.io/fact-duel/hisaab/#/q/hdb126,"Hindustan Times — UP govt to start distribution of free tablets, smartphones today (25 Dec 2021)",https://www.hindustantimes.com/cities/lucknow-news/up-govt-to-start-distribution-of-free-tablets-smartphones-today-101640371641503.html
rj-chiranjeevi,2022,yes,2022,Chiranjeevi health insurance,pre-election,Chunav Se Pehle (before the vote),State,RJ,Rajasthan,INC,"Ashok Gehlot (Chief Minister, Rajasthan, INC)",Health cover up to ₹25 lakh per family a year,1.33 crore Chiranjeevi families (2022-23),,Rajasthan Assembly 2023,2023-11,,BJP won 115 of 199 seats; Congress 69,The Congress promised ₹50 lakh in 2023; the BJP won 115 of 199 and said earlier schemes would continue.,,distribution; pre-election,hst147; hdb130,https://occult-kranti.github.io/fact-duel/hisaab/#/q/hst147 https://occult-kranti.github.io/fact-duel/hisaab/#/q/hdb130,"The Hindu — Expansion of health cover under Chiranjeevi scheme ‘impractical’, says BJP leader (Nov 2023)",https://www.thehindu.com/elections/rajasthan-assembly/ashok-gehlots-expansion-of-health-cover-under-chiranjeevi-scheme-impractical-says-bjp-leader/article67567361.ece
tr-social-pension-2022,2022,,2022,"Social pension raised to ₹2,000 (Tripura)",pre-election,Chunav Se Pehle (before the vote),State,TR,Tripura,BJP,"Manik Saha (Chief Minister, Tripura, BJP)","Social pensions raised from ₹700 to ₹2,000 a month",,,Tripura Assembly 2023,2023-02,,"BJP–IPFT won 33 of 60 seats; TIPRA Motha 13, Left–Congress 14",Pensioners fell from 3.71 lakh to 3.18 lakh under the BJP (official). The BJP–IPFT kept Tripura with 33 of 60 seats.,,distribution; pre-election,hdb330,https://occult-kranti.github.io/fact-duel/hisaab/#/q/hdb330,"The Indian Express — Tripura govt identifies 60,000 fake ration card holders, detects 'ineligible' pension beneficiaries (13 Sep 2018)",https://indianexpress.com/article/north-east-india/tripura/tripura-identifies-60000-fake-ration-card-holders-detects-ineligible-social-security-pension-beneficiaries-5355053/
hp-free-power-60-units-2022,2022-01,,2022,Free power up to 60 units (Himachal),pre-election,Chunav Se Pehle (before the vote),State,HP,Himachal Pradesh,BJP,"Jai Ram Thakur (Chief Minister, Himachal Pradesh, BJP)","Zero bills up to 60 units a month, ₹1 a unit up to 125",About 11 lakh consumers,₹60 crore a year,Himachal Assembly 2022,2022-11,291,Congress won 40 of 68 seats; BJP 25,The BJP lost the November 2022 poll: the Congress won 40 of 68 seats.,,distribution; pre-election,hdb129,https://occult-kranti.github.io/fact-duel/hisaab/#/q/hdb129,The Indian Express — Himachal Statehood Day: CM Jai Ram Thakur announces free power to households consuming 60 units per month (25 Jan 2022),https://indianexpress.com/article/cities/shimla/himachal-pradesh-statehood-day-jai-ram-thakur-announcement-free-power-7741486/
up-tube-well-bill-cut-2022,2022-01,,2022,Tube-well power bill cut (UP),pre-election,Chunav Se Pehle (before the vote),State,UP,Uttar Pradesh,BJP,"Yogi Adityanath (Chief Minister, Uttar Pradesh, BJP)",50% cut in farmers’ tube-well electricity bills,Over 13 lakh users,,UP Assembly 2022,2022-02,,BJP won 255 of 403; SP 111,The BJP won 255 of 403; Crisil warned discoms usually recover such losses from industrial tariffs.,,distribution; pre-election,hpe135,https://occult-kranti.github.io/fact-duel/hisaab/#/q/hpe135,Times of India — Assembly elections: Parties are promising 'free' power. Who will bear this cost? (10 Jan 2022),https://timesofindia.indiatimes.com/business/india-business/explained-punjab-and-up-govt-are-doling-out-free-electricity-ahead-of-elections-but-who-will-bear-this-cost/articleshow/88804306.cms
wb-mgnrega-funds-halt-2022,2022-03,,2022,MGNREGA funds to West Bengal stopped,distribution,Seedha Khaate Mein (straight into the account),Centre,WB,West Bengal,NDA,,Central MGNREGA funds halted for non-compliance,,,,,,,The Supreme Court left a High Court restart order in place (Oct 2025); work resumed under VB-G RAM G in July 2026.,,distribution,hdb040,https://occult-kranti.github.io/fact-duel/hisaab/#/q/hdb040,LiveLaw — Supreme Court dismisses Centre's plea against HC direction to resume MGNREGA in West Bengal (27 Oct 2025),https://www.livelaw.in/top-stories/supreme-court-dismisses-centres-plea-against-high-court-direction-to-resume-mgnrega-scheme-in-west-bengal-307952
hp-hrtc-women-fare-2022,2022-04,,2022,HRTC fare concession for women,pre-election,Chunav Se Pehle (before the vote),State,HP,Himachal Pradesh,BJP,"Jai Ram Thakur (Chief Minister, Himachal Pradesh, BJP)",50% off ordinary HRTC bus fares for women within the state,,,Himachal Assembly 2022,2022-11,211,Congress won 40 of 68 seats; BJP 25,Announced 211 days before polling; the Congress won 40 of 68. No cited source links the concession to the result.,,distribution; pre-election,hdb413,https://occult-kranti.github.io/fact-duel/hisaab/#/q/hdb413,The Indian Express — Himachal approves 50% bus fare concession for women (27 May 2022),https://indianexpress.com/article/cities/shimla/himachal-approves-50-bus-fare-concession-for-women-7938712/
ap-sdrf-money-returned-2022,2022-07,,2022,SDRF money returned (Andhra Pradesh),relief,Rahat Kosh (the relief fund),State,AP,Andhra Pradesh,YSRCP,,"₹1,100 crore moved from the SDRF to an Agriculture Commissioner deposit account, to be returned",,,,,,,After Supreme Court criticism the state agreed to revert the money within two weeks for use on Covid compensation.,,relief,hrf129,https://occult-kranti.github.io/fact-duel/hisaab/#/q/hrf129,"LiveLaw — After SC's criticism, Andhra Pradesh agrees to revert Rs 1,100 crore to SDRF (18 Jul 2022)",https://www.livelaw.in/top-stories/supreme-court-covid-19-ex-gratia-compensation-andhra-pradesh-state-disaster-relief-fund-204099
as-floods-cash-relief-2022,2022-07,,2022,Assam floods cash relief,relief,Rahat Kosh (the relief fund),State,AS,Assam,BJP,"Himanta Biswa Sarma (Chief Minister, Assam, BJP)","₹3,800 per affected family, ₹1,000 per student for textbooks, about ₹400 crore for houses",1.81 lakh families; 1.01 lakh students,,,,,,"The CM said the Centre bore 90% of the cost; after the 2026 floods some families said the ₹15,000 initial relief had not arrived.",,relief,hrf130,https://occult-kranti.github.io/fact-duel/hisaab/#/q/hrf130,"The New Indian Express — Recent Assam floods worst ever, says CM Himanta as toll touches 195 (16 Jul 2022)",https://www.newindianexpress.com/india/2022/Jul/16/recent-assam-floods-worst-ever-has-highest-ever-casualties-says-cm-himanta-as-toll-touches-195-2477299.html
ml-focus-plus-2022,2022-07,,2022,FOCUS+ family benefit,pre-election,Chunav Se Pehle (before the vote),State,ML,Meghalaya,NPP,"Conrad Sangma (Chief Minister, Meghalaya, NPP)","₹5,000 cash for every household",,,Meghalaya Assembly 2023,2023-02,214,NPP won 26 of the 59 seats polled and formed the government with allies,The NPP won 26 of 59 seats polled in Feb 2023 and formed the government with allies.,,distribution; pre-election,hpe216,https://occult-kranti.github.io/fact-duel/hisaab/#/q/hpe216,"ANI — Meghalaya CM announces Rs 5,000 for every household under FOCUS+ scheme (29 Jul 2022)",https://www.aninews.in/news/national/general-news/meghalaya-cm-announces-rs-5000-for-every-household-under-focus-scheme20220729141845/
in-pmay-urban-extension-2022,2022-08,yes,2022,PMAY-Urban extended to 2024,distribution,Seedha Khaate Mein (straight into the account),Centre,IN,India-wide (Centre),NDA,"Narendra Modi (Prime Minister (chaired the Union Cabinet that approved it), BJP)",Housing for All mission extended to finish houses already sanctioned,122.69 lakh sanctioned houses,,,,,,Extended to December 2024 after states sought more time; PMAY-U 2.0 followed in 2024.,,distribution,hsc027,https://occult-kranti.github.io/fact-duel/hisaab/#/q/hsc027,PMO — Cabinet approves continuation of PMAY-U up to 31 Dec 2024 (10 Aug 2022),https://www.pmindia.gov.in/en/news_updates/cabinet-approves-continuation-of-pradhan-mantri-awas-yojana-urban-pmay-u-housing-for-all-mission-up-to-31st-december-2024/
mz-sedp-2022,2022-08,yes,2022,SEDP family assistance,distribution,Seedha Khaate Mein (straight into the account),State,MZ,Mizoram,MNF,"Zoramthanga (Chief Minister, Mizoram, MNF)","₹50,000 per family in ₹25,000 instalments (up to ₹3 lakh promised)","About 60,000 families got ₹50,000; 60,000 more got ₹25,000",,,,,,"A third phase never came; the MNF lost in November 2023 (ZPM 27 of 40, MNF 10).",,distribution,hdb326,https://occult-kranti.github.io/fact-duel/hisaab/#/q/hdb326,The Quint — Mizoram: Will ZPM break the pattern of governments changing after two terms? (6 Nov 2023),https://www.thequint.com/opinion/mizoram-will-zpm-break-the-pattern-of-governments-changing-after-two-terms
gj-free-lpg-cylinders-2022,2022-10,,2022,Two free LPG cylinders a year (Gujarat),pre-election,Chunav Se Pehle (before the vote),State,GJ,Gujarat,BJP,"Jitu Vaghani (Minister and government spokesperson, Gujarat, BJP); Kanu Desai (Finance Minister, Gujarat, BJP)","Two free LPG cylinders a year for PM Ujjwala households, plus a VAT cut on CNG and PNG",About 38 lakh families,"₹650 crore a year; ₹1,650 crore with the VAT cut",Gujarat Assembly 2022,2022-12,45,"BJP won 156 of 182 seats; Congress 17, AAP 5",Announced 45 days before polling; the BJP won 156 of 182 seats.,,distribution; pre-election,hdb231,https://occult-kranti.github.io/fact-duel/hisaab/#/q/hdb231,"The Indian Express — Gujarat govt announces 2 free cylinders under PMUY, 38 lakh households to benefit (17 Oct 2022)",https://indianexpress.com/article/cities/gandhinagar/gujarat-announces-free-cylinders-pmuy-38-lakh-households-benefit-8214581/
gj-garib-kalyan-mela-13th-2022,2022-10,,2022,"Garib Kalyan Mela, 13th round",pre-election,Chunav Se Pehle (before the vote),State,GJ,Gujarat,BJP,"Bhupendra Patel (Chief Minister, Gujarat, BJP)",Scheme benefits handed out at melas across the state,"35,583 people on the opening day",₹281 crore on the opening day,Gujarat Assembly 2022,2022-12,48,BJP won 156 of 182 seats,"Opened 48 days before polling; the BJP won 156 of 182 seats, a record seventh straight term.",,distribution; pre-election,hpe215,https://occult-kranti.github.io/fact-duel/hisaab/#/q/hpe215,CMO Gujarat — Guj CM kick starts 13th edition of state-wide Garib Kalyan Mela (14 Oct 2022),https://cmogujarat.gov.in/en/latest-news/13th-edition-of-state-wide-garib-kalyan-mela
jh-sukhad-rahat-2022,2022-10,,2022,Mukhyamantri Sukhad Rahat Yojana,relief,Rahat Kosh (the relief fund),State,JH,Jharkhand,JMM,"Hemant Soren (Chief Minister, Jharkhand, JMM)","₹3,500 cash to each farmer family in drought-hit blocks",Over 30 lakh farmers targeted; 13.35 lakh applied by Dec 2022,"About ₹1,200 crore",,,,,"Server glitches kept many queuing overnight; ₹3,500 was ordered again in January 2024 for 158 blocks.",,distribution; relief,hrf219,https://occult-kranti.github.io/fact-duel/hisaab/#/q/hrf219,The Indian Express — 224 blocks in 22 Jharkhand districts declared 'drought-hit' (30 Oct 2022),https://indianexpress.com/article/india/224-blocks-in-22-jharkhand-districts-declared-drought-hit-8237677/
mh-anandacha-shidha-2022,2022-10,,2022,Anandacha Shidha ration kit,distribution,Seedha Khaate Mein (straight into the account),State,MH,Maharashtra,Shiv Sena,"Eknath Shinde (Chief Minister, Maharashtra, Shiv Sena)",A festival ration kit for ₹100,,About ₹350 crore per round,,,,,"No Diwali kit in 2025, as the finance department could not sanction funds; the minister cited Ladki Bahin’s cost.",,distribution,hdb412,https://occult-kranti.github.io/fact-duel/hisaab/#/q/hdb412,"The Times of India — Maharashtra: Govt won’t give ration kits to poor this Diwali, cites financial challenges (7 Oct 2025)",https://timesofindia.indiatimes.com/city/pune/no-anandacha-shidha-this-diwali-owing-to-financial-crunch-in-state/articleshow/124347787.cms
nl-cm-health-insurance-2022,2022-10,,2022,CM’s Health Insurance Scheme (Nagaland),pre-election,Chunav Se Pehle (before the vote),State,NL,Nagaland,NDPP,"Neiphiu Rio (Chief Minister, Nagaland, NDPP)",₹20 lakh cover for government staff and pensioners; ₹5 lakh for other residents,,₹69 crore premium (year one),Nagaland Assembly 2023,2023-02,136,"NDPP–BJP won 37 of 60 seats (NDPP 25, BJP 12)",Four months later the NDPP–BJP won 37 of 60 seats and Neiphiu Rio began a fifth term.,,distribution; pre-election,hdb332,https://occult-kranti.github.io/fact-duel/hisaab/#/q/hdb332,ET BFSI (PTI) — Nagaland launches universal health insurance scheme (15 Oct 2022),https://bfsi.economictimes.indiatimes.com/news/insurance/nagaland-launches-universal-health-insurance-scheme/94871385
hp-monsoon-relief-2023,2023,,2023,Himachal 2023 monsoon relief,relief,Rahat Kosh (the relief fund),State,HP,Himachal Pradesh,INC,,"Compensation for a destroyed house raised from ₹1.3 lakh to ₹7 lakh; ₹4,500 crore set aside",,"₹1,148 crore received via SDRF and NDRF in 2023–24",,,,,"A year on, some families said they had got only ₹3 lakh. Modi alleged ‘bandarbant’ in 2024; the state called it baseless.",,relief,hrf131,https://occult-kranti.github.io/fact-duel/hisaab/#/q/hrf131,The Indian Express — Decode politics: Why PM Modi is talking of 'bandarbant' in Himachal (30 May 2024),https://indianexpress.com/article/political-pulse/decode-politics-why-pm-modi-is-talking-of-bandarbant-in-himachal-9360120/
in-onorc,2023,yes,2023,One Nation One Ration Card,distribution,Seedha Khaate Mein (straight into the account),Centre,IN,India-wide (Centre),NDA,,Food-security grain collectable at any fair price shop in India,28 crore portability transactions in 2023 (to November),,,,,,Over 80 lakh tonnes moved through portability in 2023; 99.8% of shops used ePoS machines (PIB).,,distribution,hsc022,https://occult-kranti.github.io/fact-duel/hisaab/#/q/hsc022,PIB (Food & Public Distribution) — Year-End Review 2023 (27 Dec 2023),https://www.pib.gov.in/PressReleaseIframePage.aspx?PRID=1990696
mp-ladli-behna-hike-2023,2023,,2023,"Ladli Behna ₹1,250 and LPG at ₹450",pre-election,Chunav Se Pehle (before the vote),State,MP,Madhya Pradesh,BJP,"Shivraj Singh Chouhan (Chief Minister, Madhya Pradesh, BJP)","Ladli Behna raised from ₹1,000 to ₹1,250 a month; LPG cylinders at ₹450 for women",,"₹5,000 crore extra earmarked (first costed at ₹8,000 crore a year)",Madhya Pradesh Assembly 2023,2023-11,,BJP won 163 of 230 seats; Congress 66,"The BJP won 163 of 230; the payment rose again to ₹1,500 in November 2025.",,distribution; pre-election,hdb233,https://occult-kranti.github.io/fact-duel/hisaab/#/q/hdb233,"The Indian Express — In MP, Shivraj hopes women will help beat anti-incumbency, puts all money in their purse (14 Oct 2023)",https://indianexpress.com/article/political-pulse/mp-shivraj-hopes-women-beat-anti-incumbency-money-purse-8983165/
sk-aama-yojana-2023,2023,,2023,Sikkim Aama Yojana,distribution,Seedha Khaate Mein (straight into the account),State,SK,Sikkim,SKM,"Prem Singh Tamang (Chief Minister, Sikkim, SKM)","₹20,000 grant to eligible non-working mothers aged 18–59",,,,,,,The bank holds no reach or cost figures yet.,,distribution,hst346,https://occult-kranti.github.io/fact-duel/hisaab/#/q/hst346,The New Indian Express — Welfare schemes do wonders for SKM in Sikkim (2 Jun 2024),https://www.newindianexpress.com/india/2024/Jun/02/bjp-capitalises-on-weakened-opposition-in-arunachal-welfare-schemes-do-wonders-for-skm-in-sikkim
hp-old-pension-restored-2023,2023-01,,2023,Old Pension Scheme restored (Himachal),distribution,Seedha Khaate Mein (straight into the account),State,HP,Himachal Pradesh,INC,"Sukhvinder Singh Sukhu (Chief Minister, Himachal Pradesh, INC)",State employees moved from the NPS back to the Old Pension Scheme,Over 1.36 lakh employees,,,,,,A 2022 Congress poll promise (won 40 of 68). By 2025-26 pensions took 28% of the state’s revenue receipts (PRS).,,pre-election,hst119,https://occult-kranti.github.io/fact-duel/hisaab/#/q/hst119,The Hindu — Himachal Pradesh decides to restore OPS for its employees (13 Jan 2023),https://www.thehindu.com/news/national/other-states/himachal-pradesh-decides-to-restores-ops-for-its-employees/article66373793.ece
ut-joshimath-2023,2023-01,,2023,Joshimath interim relief and recovery plan,relief,Rahat Kosh (the relief fund),State,UT,Uttarakhand,BJP,"Pushkar Singh Dhami (Chief Minister, Uttarakhand, BJP); Amit Shah (Union Home Minister (chair, High Level Committee), BJP)","₹1.5 lakh interim aid per family (up from ₹5,000)","About 3,000 households; 868 structures cracked","₹45 crore interim; ₹1,658.17 crore recovery plan",,,,,By mid-2023 ₹26 crore of compensation reached 118 families; residents said payouts fell short of relocation costs.,,relief,hrf220; hst134,https://occult-kranti.github.io/fact-duel/hisaab/#/q/hrf220 https://occult-kranti.github.io/fact-duel/hisaab/#/q/hst134,The Times of India — Uttarakhand increases Joshimath aid 30x to 1.5L per family (12 Jan 2023),https://timesofindia.indiatimes.com/city/dehradun/uttarakhand-increases-joshimath-aid-30x-to-1-5l-per-family/articleshow/96920948.cms
ka-bommai-budget-2023,2023-02,,2023,Bommai’s last budget,pre-election,Chunav Se Pehle (before the vote),State,KA,Karnataka,BJP,"Basavaraj Bommai (Chief Minister and Finance Minister, Karnataka, BJP)","Interest-free farm loans up to ₹5 lakh; ₹10,000 ‘Bhoo Siri’ top-up; free tuition in government colleges",About 50 lakh farmers (Bhoo Siri),,Karnataka Assembly 2023,2023-05,82,Congress won 135 of 224; BJP 66; JD(S) 19,"In May 2023 the Congress, campaigning on five ‘guarantees’, won 135 of 224; the BJP fell to 66.",,distribution; pre-election,hpe136,https://occult-kranti.github.io/fact-duel/hisaab/#/q/hpe136,"The South First — Free bus passes, waivers, grants, incentives: 'Revdi' by BJP government in Karnataka budget 2023 (17 Feb 2023)",https://thesouthfirst.com/karnataka/free-bus-passes-waivers-grants-incentives-revdi-by-bjp-government-in-karnataka-budget-2023/
ka-pm-kisan-13th-2023,2023-02,,2023,PM-KISAN 13th instalment (Belagavi),pre-election,Chunav Se Pehle (before the vote),Centre,KA,Karnataka,NDA,"Narendra Modi (Prime Minister, BJP)","₹2,000 to each eligible farmer family, released at Belagavi",About 8 crore farmers,"Over ₹16,000 crore",Karnataka Assembly 2023,2023-05,72,Congress won 135 of 224 seats; BJP 66; JD(S) 19,Released 72 days before Karnataka voted; the BJP lost the state (Congress 135 of 224).,,distribution; pre-election,hpe217,https://occult-kranti.github.io/fact-duel/hisaab/#/q/hpe217,"Times of India — PM Modi releases over Rs 16,000 crore to 8 crore farmers under PM-KISAN (27 Feb 2023)",https://timesofindia.indiatimes.com/india/prime-minister-narendra-modi-inaugurates-shivamogga-airport-in-karnataka-road-show-belagavi-farmers/articleshow/98263230.cms
ka-upper-bhadra-2023,2023-02,,2023,Budget 2023-24: Upper Bhadra aid,pre-election,Chunav Se Pehle (before the vote),Centre,KA,Karnataka,NDA,"Nirmala Sitharaman (Union Finance Minister, BJP)",Central assistance for the Upper Bhadra irrigation project,,"₹5,300 crore promised",Karnataka Assembly 2023,2023-05,98,"Congress won 135 of 224 seats; BJP 66, JD(S) 19","The Congress won 135 of 224; the state said in April 2026 the ₹5,300 crore was still unreleased.",,pre-election,hpe035,https://occult-kranti.github.io/fact-duel/hisaab/#/q/hpe035,"indiabudget.gov.in — Budget Speech 2023-24, Nirmala Sitharaman (1 Feb 2023)",https://www.indiabudget.gov.in/budget2023-24/doc/Budget_Speech.pdf
br-hooch-death-ex-gratia-2023,2023-04,,2023,Ex gratia for hooch deaths,relief,Rahat Kosh (the relief fund),State,BR,Bihar,JD(U),"Nitish Kumar (Chief Minister, Bihar, JD(U))","₹4 lakh from the CM’s Relief Fund to families of spurious-liquor victims since 2016, on a pledge to back prohibition",Families in 199 hooch-death incidents (2016–23),,,,,,Paid only for deaths: in 2026 officials said there is no compensation for blindness and no count of those blinded.,,relief,hrf222,https://occult-kranti.github.io/fact-duel/hisaab/#/q/hrf222,India Today — Why Nitish declared compensation for all hooch deaths since prohibition in Bihar (24 Apr 2023),https://www.indiatoday.in/india-today-insight/story/why-nitish-declared-compensation-for-all-hooch-deaths-since-prohibition-in-bihar-2364115-2023-04-24
rj-mehngai-rahat-camps-2023,2023-04,,2023,Mehngai Rahat camps,pre-election,Chunav Se Pehle (before the vote),State,RJ,Rajasthan,INC,"Ashok Gehlot (Chief Minister, Rajasthan, INC)","Guarantee cards for 10 schemes: ₹500 LPG, 100 free units, ₹1,000 pension, ₹25 lakh health cover",1.82 crore families registered (state figure),,Rajasthan Assembly 2023,2023-11,215,BJP won 115 of 199 seats; Congress 69,"Rajasthan voted the Congress out 215 days after the camps opened: BJP 115 of 199, Congress 69.",,distribution; pre-election,hpe218,https://occult-kranti.github.io/fact-duel/hisaab/#/q/hpe218,"ThePrint — Gehlot gives gas, power, pension under Mehngai Rahat. Now people wait for cellphones (18 Aug 2023)",https://theprint.in/ground-reports/gehlot-gives-gas-power-pension-under-mehngai-rahat-now-people-wait-for-cellphones/1719632/
ka-five-guarantees-2023,2023-06,,2023,"Five guarantees (Karnataka), combined",distribution,Seedha Khaate Mein (straight into the account),State,KA,Karnataka,INC,"Siddaramaiah (Chief Minister, Karnataka (presented the 2026-27 budget), INC)","Shakti, Anna Bhagya, Gruha Jyothi, Gruha Lakshmi and Yuva Nidhi together",,"₹51,286 crore (2026-27), about 12% of spending excluding debt repayment",,,,,"CAG (2025): infrastructure spending fell ₹5,229 crore in 2023-24 and the guarantees were partly financed with borrowing.",yes,distribution,hst237; hst238,https://occult-kranti.github.io/fact-duel/hisaab/#/q/hst237 https://occult-kranti.github.io/fact-duel/hisaab/#/q/hst238,PRS Legislative Research — Karnataka Budget Analysis 2026-27 (2026),https://prsindia.org/budgets/states/karnataka-budget-analysis-2026-27
ka-shakti-2023,2023-06,,2023,Shakti free bus travel,distribution,Seedha Khaate Mein (straight into the account),State,KA,Karnataka,INC,"Siddaramaiah (Chief Minister, Karnataka, INC)",Free rides for women on state-run buses,Nearly 650 crore tickets; over 1 crore women a day,"₹11,748 crore reimbursed by Dec 2025",,,,,"The state still owed the bus corporations ₹4,006 crore in December 2025.",,distribution,hdb414,https://occult-kranti.github.io/fact-duel/hisaab/#/q/hdb414,"The Times of India — Shakti dues: Govt clears Rs 11,748cr, still owes Rs 4,006cr to RTCs (20 Dec 2025)",https://timesofindia.indiatimes.com/city/bengaluru/shakti-dues-govt-clears-rs-11748cr-still-owes-rs-4006cr-to-rtcs/articleshow/126096209.cms
mp-ladli-behna-2023,2023-06,,2023,Ladli Behna Yojana,pre-election,Chunav Se Pehle (before the vote),State,MP,Madhya Pradesh,BJP,"Shivraj Singh Chouhan (Chief Minister, Madhya Pradesh, BJP)","Monthly cash for women aged 23–60: ₹1,000 at launch, ₹1,250 before the 2023 poll, ₹1,500 by August 2026",About 1.25 crore women,"₹23,883 crore (2026-27); ₹1,209.64 crore first transfer",Madhya Pradesh Assembly 2023,2023-11,160,BJP won 163 of 230 seats; Congress 66,"First paid 160 days before polling; over ₹6,800 crore paid by mid-October. The BJP won 163 of 230.",,distribution; pre-election,hdb232; hst220; hfw009,https://occult-kranti.github.io/fact-duel/hisaab/#/q/hdb232 https://occult-kranti.github.io/fact-duel/hisaab/#/q/hst220 https://occult-kranti.github.io/fact-duel/hisaab/#/q/hfw009,"The Indian Express — Chouhan keeps 'Ladli Behna' promise, transfers Rs 1,000 to 1.25 cr beneficiaries (10 Jun 2023)",https://indianexpress.com/article/cities/bhopal/chouhan-keeps-ladli-behna-promise-transfers-rs-1000-to-1-25-cr-beneficiaries-8656399/
ka-anna-bhagya-cash-2023,2023-07,,2023,Anna Bhagya: cash in lieu of rice,distribution,Seedha Khaate Mein (straight into the account),State,KA,Karnataka,INC,"Siddaramaiah (Chief Minister, Karnataka, INC)",₹170 a month per BPL family member in place of 5 kg of extra rice,,,,,,,Paid after the Centre stopped states buying FCI rice; Karnataka returned to giving rice from February 2025.,,distribution,hdb234,https://occult-kranti.github.io/fact-duel/hisaab/#/q/hdb234,Times of India — Karnataka to give cash instead of 5 kg additional rice (29 Jun 2023),https://timesofindia.indiatimes.com/city/bengaluru/karnataka-to-give-cash-instead-of-5-kg-additional-rice/articleshow/101351348.cms
rj-minimum-guaranteed-income-2023,2023-07,,2023,Minimum Guaranteed Income Act,pre-election,Chunav Se Pehle (before the vote),State,RJ,Rajasthan,INC,"Ashok Gehlot (Chief Minister, Rajasthan, INC)","₹1,000 minimum monthly pension rising 15% a year; 125 days of work per family",,,Rajasthan Assembly 2023,2023-11,127,BJP won 115 of 199; Congress 69,Passed 127 days before polling; the BJP won 115 of 199.,,distribution; pre-election,hpe137,https://occult-kranti.github.io/fact-duel/hisaab/#/q/hpe137,"The Hindu — Rajasthan Assembly passes Bills on minimum income, higher punishment for paper leaks (22 Jul 2023)",https://www.thehindu.com/news/national/rajasthan-assembly-passes-bills-on-minimum-income-higher-punishment-for-paper-leaks/article67106940.ece
ka-gruha-lakshmi-2023,2023-08,,2023,Gruha Lakshmi,distribution,Seedha Khaate Mein (straight into the account),State,KA,Karnataka,INC,"Siddaramaiah (Chief Minister, Karnataka, INC)","₹2,000 a month to women heads of families",1.15 crore at launch,,,,,,The fourth of five guarantees to roll out; the CM said no regular schemes were stopped to fund them.,,distribution,hdb235,https://occult-kranti.github.io/fact-duel/hisaab/#/q/hdb235,The Indian Express — Cong will replicate Karnataka cash scheme for women family heads across country: Rahul Gandhi (30 Aug 2023),https://indianexpress.com/article/cities/bangalore/cong-to-replicate-karnatakas-gruha-lakhmi-cash-transfer-scheme-for-women-across-india-rahul-gandhi-8916189/
mp-kisan-kalyan-topup-2023,2023-08,,2023,"Mukhyamantri Kisan Kalyan Yojana raised to ₹6,000",pre-election,Chunav Se Pehle (before the vote),State,MP,Madhya Pradesh,BJP,"Shivraj Singh Chouhan (Chief Minister, Madhya Pradesh, BJP)","State top-up to PM-KISAN raised from ₹4,000 (since 2020) to ₹6,000 a year",,,Madhya Pradesh Assembly 2023,2023-11,98,BJP won 163 of 230 seats; Congress 66,Approved 98 days before polling; the BJP won 163 of 230. No cited study links the top-up to the result.,,distribution; pre-election,hdb415,https://occult-kranti.github.io/fact-duel/hisaab/#/q/hdb415,"The Times of India — Cabinet approves Mauganj as 53rd district of MP, ₹6k/yr for farmers (12 Aug 2023)",https://timesofindia.indiatimes.com/city/bhopal/cabinet-approves-mauganj-as-53rd-district-of-mp-6k/yr-for-farmers/articleshow/102665688.cms
rj-indira-smartphone-2023,2023-08,,2023,Indira Gandhi Smartphone Yojana,pre-election,Chunav Se Pehle (before the vote),State,RJ,Rajasthan,INC,"Ashok Gehlot (Chief Minister, Rajasthan, INC)",Free smartphones with data for women,24.56 lakh phones by 9 Oct 2023,"₹1,670.08 crore",Rajasthan Assembly 2023,2023-11,107,BJP won 115 of 199 seats; Congress 69,Halted by the model code; the BJP won 115 of 199 and put the scheme on hold in January 2024.,,distribution; pre-election,hdb130,https://occult-kranti.github.io/fact-duel/hisaab/#/q/hdb130,The Indian Express — Rajasthan puts Gehlot’s free smartphone scheme on hold (24 Jan 2024),https://indianexpress.com/article/cities/jaipur/rajasthan-puts-gehlots-free-smartphone-scheme-on-hold-9124729/
tg-loan-waiver-release-2023,2023-08,,2023,Crop-loan waiver completed before the 2023 poll,pre-election,Chunav Se Pehle (before the vote),State,TG,Telangana,BRS,"K. Chandrasekhar Rao (Chief Minister, Telangana, BRS)",Release to banks to finish the 2018 promise of a waiver up to ₹1 lakh,,"₹19,000 crore",Telangana Assembly 2023,2023-11,120,Congress won 64 of 119; BRS 39; BJP 8,"Payments resumed 120 days before polling; the Congress won 64 of 119, ending ten years of BRS rule.",,distribution; pre-election,hpe139,https://occult-kranti.github.io/fact-duel/hisaab/#/q/hpe139,"The Indian Express — KCR clears 2018 farm loan waiver promise just before polls; Cong, BJP cry foul (3 Aug 2023)",https://indianexpress.com/article/political-pulse/kcr-2018-farm-loan-waiver-promise-polls-bjp-cry-foul-8874277/
up-kanya-sumangala-2023,2023-08,,2023,"Kanya Sumangala Yojana raised to ₹25,000",distribution,Seedha Khaate Mein (straight into the account),State,UP,Uttar Pradesh,BJP,"Yogi Adityanath (Chief Minister, Uttar Pradesh, BJP)","Six-stage payments from birth to college raised from ₹15,000 to ₹25,000 in all",About 16.24 lakh girls enrolled,,,,,,"From 2024-25; ₹5.82 crore went to 29,523 beneficiaries at the announcement event.",,distribution,hdb132,https://occult-kranti.github.io/fact-duel/hisaab/#/q/hdb132,"The Indian Express — Mukhyamantri Kanya Sumangla Yojana: Underprivileged girls to get Rs 10,000 more (31 Aug 2023)",https://indianexpress.com/article/cities/lucknow/mukhyamantri-kanya-sumangla-yojana-rakhi-gift-underprivileged-girls-to-get-rs-10000-more-8917022/
in-pm-vishwakarma-2023,2023-09,,2023,PM Vishwakarma,distribution,Seedha Khaate Mein (straight into the account),Centre,IN,India-wide (Centre),NDA,"Narendra Modi (Prime Minister, BJP)","Training stipend, toolkits up to ₹15,000 and collateral-free loans up to ₹3 lakh for artisans in 18 trades",30 lakh registrations; 18.16 lakh toolkits by Sept 2026,"₹13,000 crore (2023-24 to 2027-28)",,,,,"6.19 lakh loans worth about ₹5,316 crore sanctioned by September 2026 (PIB).",,distribution,hdb037,https://occult-kranti.github.io/fact-duel/hisaab/#/q/hdb037,PIB Backgrounder — PM Vishwakarma nears three years (Sep 2026),https://pib.gov.in/PressNoteDetails.aspx?NoteId=159998&ModuleId=3&reg=3&lang=1
in-womens-reservation-2023,2023-09,,2023,Women’s reservation law,pre-election,Chunav Se Pehle (before the vote),Centre,IN,India-wide (Centre),NDA,"Arjun Ram Meghwal (Union Law Minister, BJP)","One-third of Lok Sabha and Assembly seats reserved for women, after the next census and delimitation",,,"Assembly polls in 5 states, Nov 2023",2023-11,48,"BJP won Madhya Pradesh, Rajasthan and Chhattisgarh; Congress won Telangana","Passed 454–2 and 214–0; not yet in force, as a 2026 follow-up amendment fell short of two-thirds.",,pre-election,hpe036,https://occult-kranti.github.io/fact-duel/hisaab/#/q/hpe036,ETLegalWorld — Rajya Sabha passes Women Reservation Bill (21 Sep 2023),https://legal.economictimes.indiatimes.com/news/law-policy/womens-reservation-bill-passed-with-215-0-majority-in-rajya-sabha/103845840
tn-kalaignar-magalir-urimai-2023,2023-09,,2023,Kalaignar Magalir Urimai Thogai,distribution,Seedha Khaate Mein (straight into the account),State,TN,Tamil Nadu,DMK,"M.K. Stalin (Chief Minister, Tamil Nadu, DMK)","₹1,000 a month to women heads of families",1.06 crore at launch; about 1.31 crore by 2026,"₹12,000 crore a year",,,,,The DMK lost the April 2026 poll: the TVK won 108 of 234 and the DMK 59.,,distribution,hdb237,https://occult-kranti.github.io/fact-duel/hisaab/#/q/hdb237,The New Indian Express — TN CM Stalin launches first-of-its-kind scheme for women (15 Sep 2023),https://www.newindianexpress.com/states/tamil-nadu/2023/Sep/15/tn-cm-stalin-launches-first-of-its-kind-scheme-for-women-2615143.html
in-ujjwala-subsidy-300-2023,2023-10,,2023,Ujjwala LPG subsidy raised to ₹300,pre-election,Chunav Se Pehle (before the vote),Centre,IN,India-wide (Centre),NDA,"Anurag Singh Thakur (Union I&B Minister (announced the Cabinet decision), BJP)",Targeted subsidy per cylinder for Ujjwala homes raised from ₹200 to ₹300,,"About ₹12,000 crore (2024-25 extension)","Assembly polls in 5 states, Nov 2023",2023-11,34,"BJP won MP, Rajasthan and Chhattisgarh; INC won Telangana",Announced five days before the ECI set five state polls; the BJP won three of four states counted. No cited causal link.,,distribution; pre-election,hdb036,https://occult-kranti.github.io/fact-duel/hisaab/#/q/hdb036,All India Radio News — Cabinet raises LPG subsidy per cylinder by ₹100 for Ujjwala beneficiaries (4 Oct 2023),https://newsonair.gov.in/union-cabinet-approves-govts-decision-to-increase-lpg-subsidy-per-cylinder-by-rs-100-for-ujjwala-yojana-beneficiaries-ib-minister-anurag-singh-thakur/
mh-namo-shetkari-2023,2023-10,,2023,Namo Shetkari Mahasanman Nidhi,pre-election,Chunav Se Pehle (before the vote),State,MH,Maharashtra,Shiv Sena,"Narendra Modi (Prime Minister, BJP)","₹6,000 a year on top of PM-KISAN for the state’s farmers",More than 86 lakh farmers,"About ₹2,000 crore per instalment",Maharashtra Assembly 2024,2024-11,,"Mahayuti 235 of 288 with allies (BJP 132, Shiv Sena 57, NCP 41); MVA 49",The 5th instalment went out 46 days before the 2024 poll; the Mahayuti won 235 of 288. No cited study links it to the result.,,distribution; pre-election,hdb420,https://occult-kranti.github.io/fact-duel/hisaab/#/q/hdb420,"PM India — PM lays foundation stone and dedicates to nation multiple development projects worth about Rs 7500 crores in Shirdi, Maharashtra (26 Oct 2023)",https://www.pmindia.gov.in/en/news_updates/pm-lays-foundation-stone-and-dedicates-to-nation-multiple-development-projects-worth-about-rs-7500-crores-in-shirdi-maharashtra/
ml-cm-elevate-2023,2023-10,,2023,CM-Elevate,distribution,Seedha Khaate Mein (straight into the account),State,ML,Meghalaya,NPP,"Conrad K. Sangma (Chief Minister, Meghalaya, NPP)",Up to 75% of a young entrepreneur’s venture cost as grant or subsidy,"20,000 beneficiaries targeted",₹300 crore over five years,,,,,The first cheques went to about 40 beneficiaries in February 2024.,,distribution,hdb333,https://occult-kranti.github.io/fact-duel/hisaab/#/q/hdb333,The Economic Times — Meghalaya CM launches 'CM Elevate' program to address youth unemployment (17 Oct 2023),https://m.economictimes.com/jobs/government-jobs/meghalaya-cm-launches-cm-elevate-program-to-address-youth-unemployment/articleshow/104502176.cms
sk-glof-sdrf-advance-2023,2023-10,,2023,Sikkim GLOF: SDRF advance,relief,Rahat Kosh (the relief fund),Centre,SK,Sikkim,NDA,"Amit Shah (Union Home Minister, BJP)",₹44.8 crore advance from the central share of Sikkim’s disaster fund,,,,,,,A ₹555.27 crore recovery plan followed; West Bengal’s CM called the aid discrimination against north Bengal.,,relief,hrf221,https://occult-kranti.github.io/fact-duel/hisaab/#/q/hrf221,Hindustan Times — Central assistance for flood-hit Sikkim triggers political slugfest in Bengal (8 Oct 2023),https://www.hindustantimes.com/india-news/central-assistance-for-flood-hit-sikkim-triggers-political-slugfest-in-bengal-101696766782401.html
ct-krishak-unnati-2023,2023-11,,2023,"Krishak Unnati Yojana (paddy at ₹3,100)",distribution,Seedha Khaate Mein (straight into the account),State,CT,Chhattisgarh,BJP,"Amit Shah (Union Home Minister (released the promise in the BJP manifesto), BJP); O.P. Choudhary (Finance Minister, Chhattisgarh (2026-27 budget), BJP)","Paddy bought at ₹3,100 a quintal, 21 quintals an acre, paid in one go",,,,,,,Promised four days before polling; the BJP won 54 of 90. With Mahtari Vandan and power subsidy it takes about 17% of 2026-27 revenue receipts (PRS).,,distribution; pre-election,hpe138; hst232,https://occult-kranti.github.io/fact-duel/hisaab/#/q/hpe138 https://occult-kranti.github.io/fact-duel/hisaab/#/q/hst232,"The Hindu — BJP Chhattisgarh manifesto promises Ayodhya pilgrimage, financial assistance for women et al (3 Nov 2023)",https://www.thehindu.com/elections/chhattisgarh-assembly/chhattisgarh-polls-bjp-promises-sops-for-married-women-landless-farm-labourers-lpg-cylinder-at-500/article67493270.ece
in-pmgkay-five-year-2023,2023-11,,2023,Free grain for five more years (PMGKAY),pre-election,Chunav Se Pehle (before the vote),Centre,IN,India-wide (Centre),NDA,"Narendra Modi (Prime Minister, BJP)",NFSA grain free for five years from January 2024; 35 kg a month for Antyodaya homes,About 81.35 crore people,About ₹11.80 lakh crore over five years,Chhattisgarh Assembly 2023,2023-11,3,BJP won 54 of 90 seats; INC 35,Announced at a Durg rally three days before polling; the Congress called it a code breach. The BJP won Chhattisgarh and MP.,,distribution; pre-election,hdb035; hsc019; hsc020,https://occult-kranti.github.io/fact-duel/hisaab/#/q/hdb035 https://occult-kranti.github.io/fact-duel/hisaab/#/q/hsc019 https://occult-kranti.github.io/fact-duel/hisaab/#/q/hsc020,"Hindustan Times — Free-ration scheme will be extended for next 5 years: PM Modi in poll-bound Chhattisgarh, MP (4 Nov 2023)",https://www.hindustantimes.com/india-news/freeration-scheme-will-be-extended-for-next-5-years-pm-modi-in-poll-bound-chhattisgarh-madhya-pradesh-101699099169144.html
tg-rythu-bandhu-rabi-2023,2023-11,,2023,Rythu Bandhu rabi instalment halted by ECI,pre-election,Chunav Se Pehle (before the vote),State,TG,Telangana,BRS,"K. Chandrasekhar Rao (Chief Minister, Telangana, BRS)","The rabi Rythu Bandhu instalment, allowed on condition it was not publicised",,,Telangana Assembly 2023,2023-11,3,Congress won 64 of 119 seats; BRS 39,"The ECI withdrew permission three days before polling, saying a minister publicised it; the Congress won 64 of 119.",,distribution; pre-election,hdb236,https://occult-kranti.github.io/fact-duel/hisaab/#/q/hdb236,Times of India — Congress attacks BRS over EC's withdrawal of permission for giving aid to Telangana farmers (27 Nov 2023),https://timesofindia.indiatimes.com/india/congress-attacks-brs-over-ecs-withdrawal-of-permission-for-giving-aid-to-telangana-farmers/articleshow/105530026.cms
tg-mahalakshmi-bus-2023,2023-12,,2023,Mahalakshmi free bus travel,distribution,Seedha Khaate Mein (straight into the account),State,TG,Telangana,INC,"Bhatti Vikramarka Mallu (Deputy Chief Minister and Finance Minister, Telangana, INC)",Free bus travel for women,Over 290 crore zero-fare trips by April 2026,"₹3,083 crore (2024-25)",,,,,"TGSRTC said women had saved about ₹10,000 crore in fares in 28 months.",,distribution,hdb416,https://occult-kranti.github.io/fact-duel/hisaab/#/q/hdb416,PRS Legislative Research — Telangana Budget Analysis 2024-25,https://prsindia.org/budgets/states/telangana-budget-analysis-2024-25
tg-six-guarantees-2023,2023-12,,2023,"Six guarantees (Telangana), combined",distribution,Seedha Khaate Mein (straight into the account),State,TG,Telangana,INC,"Bhatti Vikramarka Mallu (Deputy CM, Telangana (presented the 2026-27 budget), INC)","Rythu Bharosa, Cheyutha pensions, Indiramma houses, Mahalakshmi and more, promised before the 2023 poll",,"₹50,713 crore (2026-27), 21% of revenue receipts",,,,,The Congress won 64 of 119 on the pledge; free bus travel began on 9 December 2023.,yes,distribution; pre-election,hst265; hpe140,https://occult-kranti.github.io/fact-duel/hisaab/#/q/hst265 https://occult-kranti.github.io/fact-duel/hisaab/#/q/hpe140,PRS Legislative Research — Telangana Budget Analysis 2026-27 (2026),https://prsindia.org/budgets/states/telangana-budget-analysis-2026-27
tn-cyclone-michaung-2023,2023-12,,2023,"Cyclone Michaung ₹6,000 relief",relief,Rahat Kosh (the relief fund),State,TN,Tamil Nadu,DMK,"M.K. Stalin (Chief Minister, Tamil Nadu, DMK)","₹6,000 cash per family, handed out at ration shops",24.25 lakh card holders,"₹1,486.94 crore",,,,,"The state sought ₹37,907 crore; in April 2024 the Centre released ₹276.10 crore after adjusting the SDRF balance.",,relief,hrf132,https://occult-kranti.github.io/fact-duel/hisaab/#/q/hrf132,"The New Indian Express — 5.67 lakh families apply for Rs 6,000 Michaung relief in TN (22 Dec 2023)",https://www.newindianexpress.com/states/tamil-nadu/2023/Dec/22/567-lakh-families-applyfor-rs-6000-michaungrelief-in-tn-92-receive-aid-2643834.html
gj-namo-lakshmi-2024,2024,,2024,Namo Lakshmi Yojana,distribution,Seedha Khaate Mein (straight into the account),State,GJ,Gujarat,BJP,"Bhupendra Patel (Chief Minister, Gujarat, BJP)","₹50,000 over Classes 9–12 for girls from families earning under ₹6 lakh",Over 10 lakh girl students,₹924 crore disbursed by July 2025,,,,,₹924 crore reached over 10 lakh girls by July 2025 (state figure).,,distribution,hst204,https://occult-kranti.github.io/fact-duel/hisaab/#/q/hst204,"The Hindu — Gujarat’s ‘Namo Lakshmi Yojana’ disburses ₹924 crore, benefits over 10 lakh girl students (11 Jul 2025)",https://www.thehindu.com/news/national/gujarat/gujarats-namo-lakshmi-yojana-disburses-924-crore-benefits-over-10-lakh-girl-students/article69796544.ece
ap-button-press-dbt-2024,2024-01,,2024,"Pre-poll DBT ""button-press"" releases (Andhra Pradesh)",pre-election,Chunav Se Pehle (before the vote),State,AP,Andhra Pradesh,YSRCP,"Y.S. Jagan Mohan Reddy (Chief Minister, Andhra Pradesh (announced the releases), YSRCP)","Transfers under six DBT schemes announced at January–March events, largest ₹6,394 crore under YSR Asara",,"₹14,165.66 crore not yet credited when the ECI intervened",Andhra Pradesh Assembly 2024,2024-05,111,"TDP 135, Jana Sena 21, BJP 8 of 175; YSRCP 11",The ECI told the state to hold credits until after the 13 May poll; the YSRCP fell from 151 to 11 seats.,,distribution; pre-election,hpe141,https://occult-kranti.github.io/fact-duel/hisaab/#/q/hpe141,"Hindustan Times — Don’t disburse ₹14,000cr among beneficiaries before polling: ECI tells Andhra CM (9 May 2024)",https://www.hindustantimes.com/india-news/dont-disburse-14-000cr-among-beneficiaries-before-polling-eci-tells-andhra-cm-101715253041498.html
br-laghu-udyami-2024,2024-01,,2024,Bihar Laghu Udyami Yojana,pre-election,Chunav Se Pehle (before the vote),State,BR,Bihar,JD(U),"Nitish Kumar (Chief Minister, Bihar, JD(U)); Tejashwi Yadav (Deputy Chief Minister, Bihar (cabinet that sanctioned it), RJD)","Up to ₹2 lakh over five years to one member of each family earning under ₹6,000 a month",94 lakh families eligible; 7.75 lakh applications to it and a sister scheme (2023-25),,Lok Sabha 2024 (Bihar),2024-04,94,NDA won 30 of 40 seats in Bihar,Sanctioned by the JD(U)–RJD cabinet; Nitish rejoined the NDA 12 days later. The NDA won 30 of Bihar’s 40 Lok Sabha seats; no study links the two.,,distribution; pre-election,hpe219; hdb418,https://occult-kranti.github.io/fact-duel/hisaab/#/q/hpe219 https://occult-kranti.github.io/fact-duel/hisaab/#/q/hdb418,"The Indian Express — Polls ahead, Bihar plans Rs 2 lakh over 5 years to 94 lakh poor families (17 Jan 2024)",https://indianexpress.com/article/political-pulse/polls-bihar-rs-2-lakh-5-yrs-94-lakh-poor-families-9114191/
hr-old-age-allowance-2024,2024-01,,2024,"Old Age Samman Allowance raised to ₹3,000",pre-election,Chunav Se Pehle (before the vote),State,HR,Haryana,BJP,"Manohar Lal Khattar (Chief Minister, Haryana, BJP)","Old-age pension raised to ₹3,000 a month",About 17.85 lakh pensioners,"₹5,538 crore (2023-24)",Haryana Assembly 2024,2024-10,278,BJP won 48 of 90 seats; Congress 37,"Rivals promised ₹5,100–₹7,500; the BJP won 48 of 90 and raised it to ₹3,200 from November 2025.",,distribution; pre-election,hdb133,https://occult-kranti.github.io/fact-duel/hisaab/#/q/hdb133,"The Times of India — Handful, still handy: Why Haryana parties love wooing the old (22 Aug 2024)",https://timesofindia.indiatimes.com/city/chandigarh/handful-still-handy-why-haryana-parties-love-wooing-the-old/articleshow/112710215.cms
rj-lpg-450-2024,2024-01,,2024,LPG at ₹450 for Ujjwala homes (Rajasthan),distribution,Seedha Khaate Mein (straight into the account),State,RJ,Rajasthan,BJP,"Bhajan Lal Sharma (Chief Minister, Rajasthan, BJP)",LPG at ₹450 a cylinder for up to 12 cylinders a year (the previous government’s cap was ₹500),About 76 lakh BPL families,,,,,,"A BJP manifesto promise, ₹50 below the Congress government’s ₹500 cylinder.",,distribution,hdb131,https://occult-kranti.github.io/fact-duel/hisaab/#/q/hdb131,The Hindu — Rajasthan announces Ujjwala Yojana’s LPG cylinder supply at ₹450 (28 Dec 2023),https://www.thehindu.com/news/national/other-states/rajasthan-announces-ujjwala-yojanas-lpg-cylinder-supply-at-450/article67680668.ece
gj-namo-shri-2024,2024-02,,2024,Namo Shri maternity aid,pre-election,Chunav Se Pehle (before the vote),State,GJ,Gujarat,BJP,"Kanu Desai (Finance Minister, Gujarat (2024-25 budget), BJP)","₹12,000 for pregnant women in 11 categories",,₹750 crore (2024-25 budget),Lok Sabha 2024 (Gujarat),2024-05,95,BJP won 25 of 26 seats; Congress 1,Its orders were dated the day the Model Code took effect; the BJP won 25 of Gujarat’s 26 Lok Sabha seats.,,distribution; pre-election,hdb239,https://occult-kranti.github.io/fact-duel/hisaab/#/q/hdb239,Times of India — Gujarat govt announces scheme for women with 'very high risk' pregnancies (23 Mar 2024),https://timesofindia.indiatimes.com/city/ahmedabad/govt-announces-scheme-for-women-with-very-high-risk-pregnancies/articleshow/108719904.cms
in-lakhpati-didi-2024,2024-02,,2024,Lakhpati Didi target raised,pre-election,Chunav Se Pehle (before the vote),Centre,IN,India-wide (Centre),NDA,"Nirmala Sitharaman (Union Finance Minister, BJP)",Target for SHG women earning ₹1 lakh a year raised from 2 crore to 3 crore; Ayushman cover for ASHA and anganwadi workers,,,Lok Sabha 2024,2024-04,78,BJP won 240 of 543 seats; NDA 293,3.01 crore women crossed the mark by February 2026 and the target was doubled; the BJP won 240 of 543 in 2024.,,pre-election,hpe220,https://occult-kranti.github.io/fact-duel/hisaab/#/q/hpe220,"indiabudget.gov.in — Interim Budget 2024-25, Budget Speech (1 Feb 2024)",https://www.indiabudget.gov.in/budget2024-25(I)/doc/Budget_Speech.pdf
in-pm-kisan-16th-2024,2024-02,,2024,PM-KISAN 16th instalment (Yavatmal),pre-election,Chunav Se Pehle (before the vote),Centre,IN,India-wide (Centre),NDA,"Narendra Modi (Prime Minister, BJP)","An instalment to each eligible farmer family, plus Maharashtra’s Namo Shetkari top-up",,"About ₹21,000 crore; about ₹3,800 crore Namo Shetkari",Lok Sabha 2024,2024-04,51,BJP won 240 of 543 seats; NDA 293,Released 51 days before Lok Sabha polling; the BJP won 240 of 543 and the NDA 293.,,distribution; pre-election,hpe221,https://occult-kranti.github.io/fact-duel/hisaab/#/q/hpe221,"PM India — PM inaugurates projects worth more than Rs 4,900 crores in Yavatmal, Maharashtra (28 Feb 2024)",https://www.pmindia.gov.in/en/news_updates/pm-inaugurates-and-dedicates-to-nation-multiple-development-projects-worth-more-than-rs-4900-crores-in-yavatmal-maharashtra/
in-pm-surya-ghar-2024,2024-02,,2024,PM Surya Ghar: Muft Bijli Yojana,pre-election,Chunav Se Pehle (before the vote),Centre,IN,India-wide (Centre),NDA,"Narendra Modi (Prime Minister (launched it; chaired the Cabinet that approved it), BJP)","Rooftop solar subsidy of ₹30,000–₹78,000 for up to 300 free units a month",1 crore homes targeted,"₹75,021 crore",Lok Sabha 2024,2024-04,50,BJP won 240 of 543 seats; NDA 293,Approved 50 days before Lok Sabha polling; the BJP won 240 of 543 seats and the NDA 293.,,distribution; pre-election,hsc054,https://occult-kranti.github.io/fact-duel/hisaab/#/q/hsc054,PMO — Cabinet approves PM-Surya Ghar: Muft Bijli Yojana (29 Feb 2024),https://www.pmindia.gov.in/en/news_updates/cabinet-approves-pm-surya-ghar-muft-bijli-yojana-for-installing-rooftop-solar-in-one-crore-households/
od-madhu-babu-pension-hike-2024,2024-02,,2024,Madhu Babu pension raised by ₹500,pre-election,Chunav Se Pehle (before the vote),State,OD,Odisha,BJD,"Naveen Patnaik (Chief Minister, Odisha, BJD)","Social-security pension raised to ₹1,000–₹1,400 a month by age and disability",36.75 lakh people,"₹3,683 crore a year (up from ₹2,685 crore)",Odisha Assembly 2024,2024-05,93,BJP won 78 of 147 seats; BJD 51,"Paid 93 days before polling; the BJD lost power (BJP 78, BJD 51 of 147).",,distribution; pre-election,hdb317,https://occult-kranti.github.io/fact-duel/hisaab/#/q/hdb317,Business Standard (PTI) — Odisha CM raises pension for beneficiaries under social security schemes (10 Feb 2024),https://www.business-standard.com/finance/personal-finance/odisha-cm-raises-pension-for-beneficiaries-under-social-security-schemes-124021000951_1.html
wb-lakshmir-bhandar-hike-2024,2024-02,,2024,Lakshmir Bhandar doubled (2024),pre-election,Chunav Se Pehle (before the vote),State,WB,West Bengal,TMC,"Chandrima Bhattacharya (Minister of State (Independent Charge), Finance, West Bengal, TMC); Mamata Banerjee (Chief Minister, West Bengal, TMC)","₹500 to ₹1,000 a month (general), ₹1,000 to ₹1,200 (SC/ST)",About 2.11 crore women,"₹14,400 crore",Lok Sabha 2024 (West Bengal),2024-04,71,TMC won 29 of 42 seats; BJP fell from 18 to 12,Tabled 71 days before polling; the TMC won 29 of 42 Lok Sabha seats and the BJP fell to 12.,,distribution; pre-election,hdb306,https://occult-kranti.github.io/fact-duel/hisaab/#/q/hdb306,The Hindu — Sops galore in West Bengal Budget 2024-25 ahead of Lok Sabha polls (8 Feb 2024),https://www.thehindu.com/news/national/other-states/west-bengal-state-budget-2024/article67824908.ece
ct-mahtari-vandan-2024,2024-03,,2024,Mahtari Vandan Yojana,pre-election,Chunav Se Pehle (before the vote),State,CT,Chhattisgarh,BJP,"Narendra Modi (Prime Minister (launched the state scheme), BJP)","₹1,000 a month by DBT to married women over 21, including widows and deserted women",About 70 lakh expected; 68.47 lakh paid in January 2026,"₹3,000 crore (2024-25 budget); ₹655 crore first instalment",Lok Sabha 2024 (Chhattisgarh),2024-04,40,BJP won 10 of 11 seats; Congress 1,First paid 40 days before Lok Sabha polling; the BJP won 10 of Chhattisgarh’s 11 seats.,,distribution; pre-election,hdb238; hst229; hst232,https://occult-kranti.github.io/fact-duel/hisaab/#/q/hdb238 https://occult-kranti.github.io/fact-duel/hisaab/#/q/hst229 https://occult-kranti.github.io/fact-duel/hisaab/#/q/hst232,PIB — PM Modi launches Mahtari Vandan Yojana in Chhattisgarh (10 Mar 2024),https://www.pib.gov.in/PressReleasePage.aspx?PRID=2013167
dl-mahila-samman-2024,2024-03,,2024,Mukhyamantri Mahila Samman Yojana,pre-election,Chunav Se Pehle (before the vote),State,DL,Delhi,AAP,"Atishi (Chief Minister, Delhi, AAP); Arvind Kejriwal (AAP national convenor (former CM), AAP)","₹1,000 a month for non-taxpaying women (cabinet, Dec 2024), with ₹2,100 promised if re-elected",,,Delhi Assembly 2025,2025-02,55,BJP won 48 of 70 seats; AAP 22,Never paid: the WCD department said no scheme was notified. The BJP won the February 2025 poll with 48 of 70 seats.,,distribution; pre-election,hdb134,https://occult-kranti.github.io/fact-duel/hisaab/#/q/hdb134,"The Indian Express — Schemes launched by Kejriwal, Atishi disowned by Delhi govt’s own departments (25 Dec 2024)",https://indianexpress.com/article/cities/delhi/delhi-departments-notices-aap-schemes-kejriwal-9743477/
hp-pyari-behna-2024,2024-03,,2024,Indira Gandhi Pyari Behna Sukh Samman Nidhi,pre-election,Chunav Se Pehle (before the vote),State,HP,Himachal Pradesh,INC,"Sukhvinder Singh Sukhu (Chief Minister, Himachal Pradesh, INC)","₹1,500 a month for women aged 18–59",About 2 lakh women in phase one,₹800 crore announced for 5 lakh women,Lok Sabha 2024 (Himachal Pradesh),2024-06,89,BJP won all 4 seats,Notified weeks before the 2024 poll (BJP won all 4 seats); statewide payments were cleared only in May 2026.,,distribution; pre-election,hdb144,https://occult-kranti.github.io/fact-duel/hisaab/#/q/hdb144,"The Economic Times — Himachal Pradesh clears Rs 1,500 aid for women in 4th year of power (24 May 2026)",https://m.economictimes.com/news/india/himachal-pradesh-clears-rs-1500-aid-for-women-in-4th-year-of-power/articleshow/131284831.cms
in-lpg-price-cut-2024,2024-03,,2024,LPG price cut of ₹100,pre-election,Chunav Se Pehle (before the vote),Centre,IN,India-wide (Centre),NDA,"Narendra Modi (Prime Minister, BJP)",₹100 off the price of a domestic LPG cylinder,,,Lok Sabha 2024,2024-04,42,BJP 240 of 543; NDA 293; INC 99,Announced eight days before the poll schedule; the BJP won 240 of 543. The cited sources make no causal claim.,,distribution; pre-election,hdb038,https://occult-kranti.github.io/fact-duel/hisaab/#/q/hdb038,"The Indian Express — On International Women's Day, PM Modi announces cut in LPG cylinder prices by Rs 100 (8 Mar 2024)",https://indianexpress.com/article/india/pm-modi-international-womens-day-lpg-cylinder-price-cut-9202370/
ka-drought-relief-2024,2024-04,,2024,Karnataka drought relief after SC petition,relief,Rahat Kosh (the relief fund),Centre,KA,Karnataka,NDA,"Amit Shah (Union Home Minister, BJP)","₹3,454 crore NDRF drought aid, approved after the state went to the Supreme Court",,,,,,,"The state had sought ₹18,171 crore and paid ₹2,000 each to over 33 lakh farmers; the CM said it was under a quarter of what norms required.",,relief,hrf133,https://occult-kranti.github.io/fact-duel/hisaab/#/q/hrf133,"The News Minute — Union government releases Rs 3,454 crore as drought relief to Karnataka (27 Apr 2024)",https://www.thenewsminute.com/karnataka/union-government-releases-rs-3454-crore-as-drought-relief-to-karnataka
mz-cyclone-remal-2024,2024-05,,2024,Cyclone Remal landslides: ex gratia,relief,Rahat Kosh (the relief fund),State,MZ,Mizoram,ZPM,"Lalduhoma (Chief Minister, Mizoram, ZPM)",₹4 lakh per death; ₹15 crore to the state disaster relief fund,,,,,,,The state sought ₹237.6 crore from the Centre for rehabilitation in June 2024.,,relief,hrf224,https://occult-kranti.github.io/fact-duel/hisaab/#/q/hrf224,Livemint — Cyclone Remal batters Mizoram: 27 lives lost in Aizawl; CM Lalduhoma allocates ₹15 cr for state relief fund (29 May 2024),https://www.livemint.com/news/india/cyclone-remal-news-aizawl-mizoram-cm-lalduhoma-15-cr-for-state-relief-fund-rainfall-imd-power-weather-landslides-11716945923196.html
mh-budget-2024-farm-power,2024-06,,2024,Free power for farm pumps (June 2024 budget),pre-election,Chunav Se Pehle (before the vote),State,MH,Maharashtra,Shiv Sena,"Ajit Pawar (Deputy CM and Finance Minister, Maharashtra, NCP)",Free power for farm pumps up to 7.5 HP; three free LPG cylinders a year; youth trainee stipend,44.61 lakh farmers; 52.4 lakh households (LPG),,Maharashtra Assembly 2024,2024-11,145,"BJP-led Mahayuti won 235 of 288 seats (BJP 132, Shiv Sena 57, NCP 41)",Presented 145 days before polling; the BJP-led Mahayuti won 235 of 288 seats.,,distribution; pre-election,hdb241,https://occult-kranti.github.io/fact-duel/hisaab/#/q/hdb241,Times of India — Maharashtra Budget 2024-25: Key highlights (29 Jun 2024),https://timesofindia.indiatimes.com/city/mumbai/maharashtra-budget-2024-25-key-highlights/articleshow/111337334.cms
mh-ladki-bahin-2024,2024-06,,2024,Mukhyamantri Majhi Ladki Bahin Yojana,pre-election,Chunav Se Pehle (before the vote),State,MH,Maharashtra,Shiv Sena,"Eknath Shinde (Chief Minister, Maharashtra, Shiv Sena); Ajit Pawar (Deputy CM and Finance Minister, Maharashtra (budget of 28 Jun 2024), NCP)","₹1,500 a month for women aged 21–65 in families earning under ₹2.5 lakh",Peak about 2.43 crore; just over 1.5 crore after 92 lakh deletions,"About ₹46,000 crore a year; ₹76,261 crore in two years",Maharashtra Assembly 2024,2024-11,145,BJP-led Mahayuti won 230 of 288 seats; BJP 132,"Paid to Nov 2024 before the code; the Mahayuti swept (235 of 288). ₹9,605 crore went to those later found ineligible (RTI).",,distribution; pre-election,hst207; hdb240; hpe144; hst208,https://occult-kranti.github.io/fact-duel/hisaab/#/q/hst207 https://occult-kranti.github.io/fact-duel/hisaab/#/q/hdb240 https://occult-kranti.github.io/fact-duel/hisaab/#/q/hpe144 https://occult-kranti.github.io/fact-duel/hisaab/#/q/hst208,Business Today — 92 lakh beneficiaries removed from Maharashtra’s Ladki Bahin Yojana after verification (13 Jul 2026),https://www.businesstoday.in/india/story/92-lakh-beneficiaries-removed-from-maharashtras-ladki-bahin-yojana-after-verification-report-542573-2026-07-13
in-pm-internship-2024,2024-07,,2024,PM Internship Scheme,distribution,Seedha Khaate Mein (straight into the account),Centre,IN,India-wide (Centre),NDA,,"₹5,000 a month (later ₹9,000) plus ₹6,000 once for interns in top companies","16,068 joined from 1.65 lakh offers in two pilot rounds","₹380 crore spent of ₹2,000 crore (2024-25 revised)",,,,,"Round three, from April 2026, had 10,195 joinings by July; the aim is 1 crore youth in five years.",,distribution,hdb042,https://occult-kranti.github.io/fact-duel/hisaab/#/q/hdb042,"ETCFO — PM Internship Scheme sees 1.65 lakh-plus offers in first two rounds, just 16,068 join (23 Jul 2026)",https://cfo.economictimes.indiatimes.com/news/policy/pm-internship-scheme-over-165-lakh-offers-round-iii-sees-10195-joinings/132572654
od-gopabandhu-jan-arogya-2024,2024-07,,2024,Gopabandhu Jan Arogya Yojana (BSKY renamed),distribution,Seedha Khaate Mein (straight into the account),State,OD,Odisha,BJP,"Mohan Charan Majhi (Chief Minister, Odisha, BJP)","State health cover renamed, with Ayushman Bharat PM-JAY brought in",3.5 crore people in 1.3 crore families,"₹5,450 crore GJAY; ₹500 crore PM-JAY (2024-25)",,,,,Both were launched at Cuttack in April 2025; health took about 8% of the 2024-25 budget.,,distribution,hdb318,https://occult-kranti.github.io/fact-duel/hisaab/#/q/hdb318,The New Indian Express — GJAY replaces Biju Swasthya Kalyan Yojana as health takes 8 per cent of Odisha's budget (26 Jul 2024),https://www.newindianexpress.com/states/odisha/2024/Jul/26/gjay-replaces-biju-swasthya-kalyan-yojana-as-health-takes-8-per-cent-of-odishas-budget
tg-crop-loan-waiver-2024,2024-07,,2024,₹2 lakh crop loan waiver (Telangana),distribution,Seedha Khaate Mein (straight into the account),State,TG,Telangana,INC,"A. Revanth Reddy (Chief Minister, Telangana, INC)",Crop loans waived up to ₹2 lakh,Over 25 lakh farmers,"About ₹21,000 crore of a planned ₹31,000 crore",,,,,"The BRS called it a ‘betrayal’ over conditions; the CM said ₹18,000 crore reached farmers in 27 days.",,distribution,hdb417,https://occult-kranti.github.io/fact-duel/hisaab/#/q/hdb417,"The Times of India — Telangana CM A Revanth Reddy waives more farm loans, to cost govt Rs 2,747 crore (1 Dec 2024)",https://timesofindia.indiatimes.com/city/hyderabad/telangana-cm-revanth-waives-more-farm-loans-to-cost-govt-2747-crore/articleshow/115851819.cms
hr-har-ghar-har-grihini-2024,2024-08,,2024,Har Ghar Har Grihini LPG at ₹500,pre-election,Chunav Se Pehle (before the vote),State,HR,Haryana,BJP,"Nayab Singh Saini (Chief Minister, Haryana, BJP)","Up to 12 LPG cylinders a year at ₹500, the rest refunded",About 50 lakh Antyodaya families,"₹1,500 crore a year (state estimate)",Haryana Assembly 2024,2024-10,54,BJP won 48 of 90; Congress 37,"Launched 54 days before polling; the BJP won 48 of 90 seats, a third straight term.",,distribution; pre-election,hpe142,https://occult-kranti.github.io/fact-duel/hisaab/#/q/hpe142,News On AIR — Haryana CM Nayab Singh Saini launches 'Har Ghar-Har Grihini Yojana' (12 Aug 2024),https://newsonair.gov.in/haryana-cm-nayab-singh-saini-launches-har-ghar-har-grihini-yojana/
in-pmay-urban-2-2024,2024-08,,2024,PMAY-Urban 2.0,distribution,Seedha Khaate Mein (straight into the account),Centre,IN,India-wide (Centre),NDA,"Narendra Modi (Prime Minister (chaired the Union Cabinet that approved it), BJP)",Housing support for 1 crore urban poor and middle-class families,,₹2.30 lakh crore government subsidy within ₹10 lakh crore investment,,,,,Approved in August 2024; the bank holds no completion figures yet.,,distribution,hsc028,https://occult-kranti.github.io/fact-duel/hisaab/#/q/hsc028,PMO — Cabinet approves PMAY-Urban 2.0 (9 Aug 2024),https://www.pmindia.gov.in/en/news_updates/cabinet-approves-pradhan-mantri-awas-yojana-urban-2-0-scheme/
jh-farm-loan-waiver-2024,2024-08,,2024,Farm-loan waiver limit raised (Jharkhand),pre-election,Chunav Se Pehle (before the vote),State,JH,Jharkhand,JMM,"Hemant Soren (Chief Minister, Jharkhand, JMM)","Waiver limit raised from ₹50,000 to ₹2 lakh",1.76 lakh farmers paid on 26 Sept 2024,About ₹750 crore; ₹400.66 crore transferred,Jharkhand Assembly 2024,2024-11,98,"JMM-led alliance re-elected: JMM 34, Congress 16; BJP 21 of 81","The JMM-led alliance was re-elected: JMM 34, Congress 16; BJP 21 of 81.",,distribution; pre-election,hpe143,https://occult-kranti.github.io/fact-duel/hisaab/#/q/hpe143,India Today — Jharkhand cabinet increases loan waivers limit for farmers upto Rs 2 lakh (8 Aug 2024),https://www.indiatoday.in/india/story/jharkhand-cabinet-meeting-hemant-soren-jharkhand-agricultural-loan-waiver-scheme-farmers-2578777-2024-08-08
jh-maiya-samman-2024,2024-08,,2024,Mukhyamantri Maiya Samman Yojana,pre-election,Chunav Se Pehle (before the vote),State,JH,Jharkhand,JMM,"Hemant Soren (Chief Minister, Jharkhand, JMM)","Monthly cash for women aged 18–50: ₹1,000 at launch, ₹2,500 from December 2024",,"₹13,363 crore (2025-26), 11% of revenue receipts",Jharkhand Assembly 2024,2024-11,,JMM-led alliance won 56 of 81 seats; JMM alone 34,Launched three months before the 2024 poll (JMM alliance 56 of 81). Over 18 lakh names were deleted after verification by March 2025.,,distribution; pre-election,hst159; hst161; hdb137; hdb135,https://occult-kranti.github.io/fact-duel/hisaab/#/q/hst159 https://occult-kranti.github.io/fact-duel/hisaab/#/q/hst161 https://occult-kranti.github.io/fact-duel/hisaab/#/q/hdb137 https://occult-kranti.github.io/fact-duel/hisaab/#/q/hdb135,PRS Legislative Research — Jharkhand Budget Analysis 2025-26,https://prsindia.org/files/budget/budget_state/jharkhand/2025/Jharkhand_Budget_Analysis_2025-26.pdf
in-pm-jay-70-plus-2024,2024-09,,2024,PM-JAY opened to all aged 70+,distribution,Seedha Khaate Mein (straight into the account),Centre,IN,India-wide (Centre),NDA,"Narendra Modi (Prime Minister (chaired the Union Cabinet that approved it), BJP)","₹5 lakh cover for every senior citizen aged 70+, regardless of income","About 4.5 crore families, 6 crore seniors",,,,,,Cabinet decision of 11 September 2024; the bank holds no enrolment figures yet.,,distribution,hsc006,https://occult-kranti.github.io/fact-duel/hisaab/#/q/hsc006,PMO — Cabinet approves health coverage to all senior citizens aged 70+ under AB PM-JAY (11 Sep 2024),https://www.pmindia.gov.in/en/news_updates/cabinet-approves-health-coverage-to-all-senior-citizens-of-the-age-70-years-and-above-irrespective-of-income-under-ayushman-bharat-pradhan-mantri-jan-arogya-yojana-ab-pm-jay/
mz-bana-kaih-2024,2024-09,,2024,Bana Kaih (handholding),distribution,Seedha Khaate Mein (straight into the account),State,MZ,Mizoram,ZPM,"Lalduhoma (Chief Minister, Mizoram, ZPM)","State support prices for ginger, turmeric, chilli and broomsticks; loans up to ₹50 lakh",,₹200 crore (2024-25); ₹350 crore (2025-26),,,,,"Allocation raised 75% in the 2025-26 budget, which also announced ₹5 lakh health insurance.",,distribution,hdb327,https://occult-kranti.github.io/fact-duel/hisaab/#/q/hdb327,"The Hindu — Mizoram Government presents ₹15,198 crore budget, allocates 75% more in flagship scheme (4 Mar 2025)",https://www.thehindu.com/news/national/mizoram/mizoram-govt-presents-budget-allocation-for-flagship-scheme/article69290190.ece
od-subhadra-2024,2024-09,,2024,Subhadra Yojana,distribution,Seedha Khaate Mein (straight into the account),State,OD,Odisha,BJP,"Narendra Modi (Prime Minister, BJP); Mohan Charan Majhi (Chief Minister, Odisha, BJP)","₹10,000 a year in two instalments, ₹50,000 over five years, for women aged 21–60",About 1 crore women,"₹10,145 crore (2026-27); ₹5,000 crore third instalment",,,,,"A 2024 BJP manifesto promise (as a ₹50,000 voucher); the BJP won 78 of 147, ending 24 years of BJD rule.",,distribution; pre-election,hdb335; hst310; hpe145,https://occult-kranti.github.io/fact-duel/hisaab/#/q/hdb335 https://occult-kranti.github.io/fact-duel/hisaab/#/q/hst310 https://occult-kranti.github.io/fact-duel/hisaab/#/q/hpe145,"PM India (PMO) — PM launches 'SUBHADRA', the largest women-centric scheme, in Bhubaneswar, Odisha (17 Sep 2024)",https://www.pmindia.gov.in/en/news_updates/pm-launches-subhadra-the-largest-women-centric-scheme-in-bhubaneswar-odisha/
tr-floods-package-2024,2024-09,,2024,Tripura floods: state package,relief,Rahat Kosh (the relief fund),State,TR,Tripura,BJP,"Manik Saha (Chief Minister, Tripura, BJP)","₹564 crore from state funds, including extra rice for 9.8 lakh card holders",,,,,,,The Centre approved ₹288.93 crore extra NDRF aid in Feb 2025; the first recovery funds came in May 2026.,,relief,hrf223,https://occult-kranti.github.io/fact-duel/hisaab/#/q/hrf223,The Economic Times — Tripura CM Manik Saha announces Rs 564 crore special package for flood-affected areas (7 Sep 2024),https://m.economictimes.com/news/india/tripura-cm-manik-saha-announces-rs-564-crore-special-package-for-flood-affected-areas/articleshow/113140943.cms
as-nijut-moina-2024,2024-10,,2024,Nijut Moina stipend,distribution,Seedha Khaate Mein (straight into the account),State,AS,Assam,BJP,"Himanta Biswa Sarma (Chief Minister, Assam, BJP)","₹1,000–₹2,500 a month for 10 months to girl students who stay unmarried through their course",4.3 lakh girls budgeted 2025-26; over 5.5 lakh in 2026-27,,,,,,"A male postgraduate version, Nijut Babu Asoni, followed; the Congress said the state was ‘creating beneficiaries’.",,distribution,hdb322,https://occult-kranti.github.io/fact-duel/hisaab/#/q/hdb322,The Hindu — 'Nijut Moina' scheme: First instalment of monthly stipend handed over to girl students in Assam (6 Oct 2024),https://www.thehindu.com/news/national/assam/nijut-moina-scheme-first-instalment-of-monthly-stipend-handed-over-to-girl-students-in-assam/article68724539.ece
jh-maiya-samman-hike-2024,2024-10,,2024,"Maiya Samman raised to ₹2,500",pre-election,Chunav Se Pehle (before the vote),State,JH,Jharkhand,JMM,"Hemant Soren (Chief Minister, Jharkhand, JMM)","Monthly payment raised from ₹1,000 to ₹2,500 from December",,"About ₹9,000 crore a year extra",Jharkhand Assembly 2024,2024-11,30,JMM-led alliance won 56 of 81 seats; JMM alone 34,"Approved a day before the poll schedule; the JMM-led alliance won 56 of 81, the first re-election of a sitting Jharkhand government.",,distribution; pre-election,hdb135,https://occult-kranti.github.io/fact-duel/hisaab/#/q/hdb135,Business Standard — Jharkhand polls: How Maiya Samman Yojana strengthened Soren’s grip in state (23 Nov 2024),https://www.business-standard.com/elections/jharkhand-elections/jharkhand-polls-how-maiya-samman-yojana-strengthened-soren-s-grip-in-state-124112300422_1.html
mh-pm-kisan-18th-2024,2024-10,,2024,PM-KISAN 18th instalment (Washim),pre-election,Chunav Se Pehle (before the vote),Centre,MH,Maharashtra,NDA,"Narendra Modi (Prime Minister, BJP)","An instalment to each eligible farmer family, released at Washim on Haryana’s polling day",About 9.4 crore farmers,"About ₹20,000 crore",Maharashtra Assembly 2024,2024-11,46,Mahayuti won 230 of 288 seats; BJP 132,Maharashtra voted 46 days later; the Mahayuti won 230 of 288 seats.,,distribution; pre-election,hpe222,https://occult-kranti.github.io/fact-duel/hisaab/#/q/hpe222,"PM India — PM launches initiatives worth around Rs 23,300 crore in Washim, Maharashtra (5 Oct 2024)",https://www.pmindia.gov.in/en/news_updates/pm-launches-various-initiatives-related-to-the-agricultural-and-animal-husbandry-sector-worth-around-rs-23300-crore-in-washim-maharashtra/
ap-deepam-2-2024,2024-11,,2024,Deepam-2 free LPG refills,distribution,Seedha Khaate Mein (straight into the account),State,AP,Andhra Pradesh,TDP,"N. Chandrababu Naidu (Chief Minister, Andhra Pradesh, TDP)","Three free LPG refills a year, ₹876 refunded per refill within 48 hours",90.1 lakh beneficiaries (2025-26 budget),"₹2,684 crore a year (state estimate); ₹2,601 crore budgeted 2025-26",,,,,In its first 42 days 62.30 lakh cylinders were delivered and ₹463.81 crore credited to 58.30 lakh people.,,distribution,hdb419,https://occult-kranti.github.io/fact-duel/hisaab/#/q/hdb419,The New Indian Express — Deepam-2 scheme beneficiaries to get free LPG cylinders from November 1 (31 Oct 2024),https://www.newindianexpress.com/states/andhra-pradesh/2024/Oct/31/deepam-2-scheme-beneficiaries-to-get-free-lpg-cylinders-from-november-1
kl-wayanad-central-aid-2024,2024-12,,2024,Wayanad landslides: central aid,relief,Rahat Kosh (the relief fund),Centre,KL,Kerala,NDA,"Amit Shah (Union Home Minister (chair, High Level Committee), BJP)",Judged a ‘disaster of severe nature’ (no ‘national calamity’ category); NDRF aid and an interest-free loan,,₹260.56 crore NDRF (Oct 2025); ₹529.50 crore loan (Feb 2025),,,,,"About 11% of Kerala’s ₹2,221 crore ask; the first ₹76.16 crore was released. The state’s relief memorandum drew an estimates row in 2024.",,relief,hrf036; hrf035; hrf135,https://occult-kranti.github.io/fact-duel/hisaab/#/q/hrf036 https://occult-kranti.github.io/fact-duel/hisaab/#/q/hrf035 https://occult-kranti.github.io/fact-duel/hisaab/#/q/hrf135,The News Minute — Union govt grants Rs 260.56 crore for rebuilding Wayanad (2 Oct 2025),https://www.thenewsminute.com/kerala/union-govt-grants-rs-26056-crore-for-rebuilding-wayanad-hit-by-landslide
hr-mera-pani-meri-viraasat,2025,,2025,Mera Pani Meri Viraasat (payment raised),distribution,Seedha Khaate Mein (straight into the account),State,HR,Haryana,BJP,"Nayab Singh Saini (Chief Minister, Haryana (presented the 2025-26 budget), BJP)","Per-acre payment for giving up paddy raised from ₹7,000 to ₹8,000; direct-sowing subsidy to ₹4,500",,,,,,,Raised in the 2025-26 budget (PRS); the bank holds no uptake figures.,,distribution,hst117,https://occult-kranti.github.io/fact-duel/hisaab/#/q/hst117,PRS Legislative Research — Haryana Budget Analysis 2025-26,https://prsindia.org/files/budget/budget_state/haryana/2025/Haryana_Budget_Analysis_2025-26.pdf
mn-special-central-grant-2025,2025,,2025,Special central grant for Manipur,relief,Rahat Kosh (the relief fund),Centre,MN,Manipur,NDA,,"Grant to rehabilitate displaced people, rebuild houses and prepay loans",,"₹2,198 crore (2025-26); ₹2,140 crore expected in 2026-27",,,,,"Came during President’s Rule (Feb 2025–Feb 2026), plus a ₹2,250 crore gap-filling grant expected.",,relief,hst330,https://occult-kranti.github.io/fact-duel/hisaab/#/q/hst330,PRS Legislative Research — Manipur Budget Analysis 2026-27 (2026),https://prsindia.org/budgets/states/manipur-budget-analysis-2026-27
in-eighth-pay-commission-2025,2025-01,,2025,Eighth Pay Commission approved,pre-election,Chunav Se Pehle (before the vote),Centre,IN,India-wide (Centre),NDA,"Narendra Modi (Prime Minister, BJP); Ashwini Vaishnaw (Union Information & Broadcasting Minister, BJP)",A new pay commission for central staff and pensioners,About 50 lakh employees and 65 lakh pensioners,,Delhi Assembly 2025,2025-02,20,BJP won 48 of 70 seats; AAP 22,Approved 20 days before the Delhi poll (BJP won 48 of 70); terms of reference came only in October 2025.,,pre-election,hpe038,https://occult-kranti.github.io/fact-duel/hisaab/#/q/hpe038,The Hindu — Cabinet announces 8th Pay Commission for central government employees (16 Jan 2025),https://www.thehindu.com/news/national/government-announces-8th-pay-commission-for-central-govt-employees/article69104291.ece
tg-rythu-bharosa-2025,2025-01,,2025,Rythu Bharosa (replaces Rythu Bandhu),distribution,Seedha Khaate Mein (straight into the account),State,TG,Telangana,INC,"A. Revanth Reddy (Chief Minister, Telangana, INC)","₹12,000 an acre a year on cultivable land, up from ₹10,000",,"₹18,000 crore (2026-27)",,,,,The largest of the six guarantees in the 2026-27 budget (PRS).,,distribution,hst263,https://occult-kranti.github.io/fact-duel/hisaab/#/q/hst263,"BusinessLine (ANI) — Telangana farmers to receive ₹12,000 per acre annually under Rythu Bharosa scheme (5 Jan 2025)",https://www.thehindubusinessline.com/economy/agri-business/telangana-farmers-to-receive-rs-12000-per-acre-annually-under-rythu-bharosa-scheme/article69063900.ece
ar-dulari-kanya-revamp-2025,2025-02,,2025,Dulari Kanya revamp,distribution,Seedha Khaate Mein (straight into the account),State,AR,Arunachal Pradesh,BJP,"Pema Khandu (Chief Minister, Arunachal Pradesh, BJP)","₹30,000 fixed deposit for girls born in a health facility plus ₹20,000 on Class 11 admission",,,,,,,"Total benefit rose to ₹50,000 per girl; the bank holds no reach or spending figures yet.",,distribution,hdb334,https://occult-kranti.github.io/fact-duel/hisaab/#/q/hdb334,"ANI — Arunachal cabinet approves schemes for Women, Youth, and State Development (18 Feb 2025)",https://www.aninews.in/news/national/general-news/arunachal-cabinet-approves-schemes-for-women-youth-and-state-development20250218095929
br-pm-kisan-19th-2025,2025-02,,2025,PM-KISAN 19th instalment (Bhagalpur),pre-election,Chunav Se Pehle (before the vote),Centre,BR,Bihar,NDA,"Narendra Modi (Prime Minister, BJP)","₹2,000 to each eligible farmer family, released at Bhagalpur",9.8 crore farmers (2.41 crore women),"Over ₹22,000 crore",Bihar Assembly 2025,2025-11,255,"NDA won 202 of 243 seats; BJP 89, JD(U) 85",Bihar voted 255 days later; the NDA won 202 of 243 seats.,,distribution; pre-election,hpe223,https://occult-kranti.github.io/fact-duel/hisaab/#/q/hpe223,PIB — PM-KISAN completes 19 successful installments (24 Feb 2025),https://www.pib.gov.in/PressReleasePage.aspx?PRID=2105745
in-budget-2025-income-tax,2025-02,,2025,Budget 2025: income up to ₹12 lakh tax-free,pre-election,Chunav Se Pehle (before the vote),Centre,IN,India-wide (Centre),NDA,"Nirmala Sitharaman (Union Finance Minister, BJP)",Nil-tax threshold under the new regime raised from ₹7 lakh to ₹12 lakh,,About ₹1 lakh crore forgone,Delhi Assembly 2025,2025-02,4,BJP won 48 of 70 seats; AAP 22,Delhi voted four days later (BJP 48 of 70). Income-tax receipts were revised ₹1.26 lakh crore below target (PRS).,,pre-election,hpe039; hbx017,https://occult-kranti.github.io/fact-duel/hisaab/#/q/hpe039 https://occult-kranti.github.io/fact-duel/hisaab/#/q/hbx017,Hindustan Times — PM Modi hails 'friendliest budget' ever at Delhi election rally (3 Feb 2025),https://www.hindustantimes.com/india-news/at-delhi-rally-modi-hails-friendliest-budget-ever-101738521936250.html
dl-lakshmi-yojana-2025,2025-03,,2025,Mahila Samriddhi / Delhi Lakshmi Yojana,distribution,Seedha Khaate Mein (straight into the account),State,DL,Delhi,BJP,"Rekha Gupta (Chief Minister, Delhi, BJP)","₹2,500 a month for poor women aged 21–60: ₹1,500 to a locked deposit, ₹1,000 to a digital-rupee wallet",Up to 17 lakh women; 7.33 lakh endorsed applications by Sept 2026,"₹5,100 crore (2025-26 budget)",,,,,Registration opened 16 months after the budget (Aug 2026); an MP/MLA endorsement rule is under challenge in the High Court.,,distribution,hst106; hdb143,https://occult-kranti.github.io/fact-duel/hisaab/#/q/hst106 https://occult-kranti.github.io/fact-duel/hisaab/#/q/hdb143,PRS Legislative Research — Delhi Budget Analysis 2025-26,https://prsindia.org/files/budget/budget_state/delhi/2025/Delhi_Budget_Analysis_2025-26.pdf
in-dm-amendment-act-2025,2025-03,,2025,"Disaster Management (Amendment) Act, 2025",relief,Rahat Kosh (the relief fund),Centre,IN,India-wide (Centre),NDA,"Amit Shah (Union Home Minister, BJP)",Allows urban disaster authorities; the minister said disaster funds cannot pay for states’ ‘freebies’,,,,,,,Passed both Houses in March 2025; by August 2026 only Karnataka had set up an urban authority (Rajya Sabha committee).,,relief,hrf037,https://occult-kranti.github.io/fact-duel/hisaab/#/q/hrf037,"Indian Express — No centralisation of power, no bias in funds: Amit Shah as Bill on disasters passed (26 Mar 2025)",https://indianexpress.com/article/india/no-centralisation-of-power-no-bias-in-funds-amit-shah-as-bill-on-disasters-passed-9906187/
jk-free-transport-women-2025,2025-03,,2025,Free public transport for women (J&K),distribution,Seedha Khaate Mein (straight into the account),State,JK,Jammu & Kashmir,JKNC,"Omar Abdullah (Chief Minister, Jammu & Kashmir (presented the 2025-26 budget), JKNC)",Free rides for all women on government-owned transport from April 2025,,,,,,,A 2025-26 budget promise; the bank holds no ridership or cost figures.,,distribution,hst141,https://occult-kranti.github.io/fact-duel/hisaab/#/q/hst141,PRS Legislative Research — Jammu and Kashmir Budget Analysis 2025-26,https://prsindia.org/files/budget/budget_state/jammu-and-kashmir/2025/J%26K_Budget_Analysis_2025-26.pdf
jk-social-pensions-2025,2025-03,,2025,Social pensions raised (J&K),distribution,Seedha Khaate Mein (straight into the account),State,JK,Jammu & Kashmir,JKNC,"Omar Abdullah (Chief Minister, Jammu & Kashmir, JKNC)","₹1,250–₹2,000 a month by age; 200 free power units and 10 kg free ration per person for Antyodaya homes",Over 10 lakh pensioners,,,,,,"Approved for rollout from April 2025, all National Conference manifesto promises.",,distribution,hdb139,https://occult-kranti.github.io/fact-duel/hisaab/#/q/hdb139,"All India Radio — J&K cabinet approves key budget announcements: free power, ration for AAY families, pension hike (28 Mar 2025)",https://newsonair.gov.in/jk-cabinet-approves-key-budget-announcements-free-power-ration-for-aay-families-pension-hike/
ap-talliki-vandanam-2025,2025-06,,2025,Talliki Vandanam,distribution,Seedha Khaate Mein (straight into the account),State,AP,Andhra Pradesh,TDP,"N. Chandrababu Naidu (Chief Minister, Andhra Pradesh, TDP)","₹15,000 a year to mothers for each school-going child, replacing Amma Vodi","Nearly 67 lakh mothers, 67.27 lakh students","₹8,745 crore first roll-out; ₹9,407 crore allocated 2025-26",,,,,"A ‘Super Six’ promise of the TDP–Jana Sena–BJP alliance, which swept the May 2024 poll (TDP 135 of 175).",,distribution; pre-election,hst258,https://occult-kranti.github.io/fact-duel/hisaab/#/q/hst258,The South First — TDP-led Andhra government launches ‘Talliki Vandanam’ scheme ahead of first anniversary (11 Jun 2025),https://thesouthfirst.com/andhrapradesh/tdp-led-andhra-government-launches-talliki-vandanam-scheme-ahead-of-first-anniversary/
br-social-pension-hike-2025,2025-06,,2025,Social security pension hike (Bihar),pre-election,Chunav Se Pehle (before the vote),State,BR,Bihar,JD(U),"Nitish Kumar (Chief Minister, Bihar, JD(U))","Monthly pension for the elderly, widows and disabled raised from ₹400 to ₹1,100",About 1.11 crore pensioners,"₹1,227.27 crore transferred on 11 July 2025",Bihar Assembly 2025,2025-11,138,"NDA won 202 of 243 seats; BJP 89, JD(U) 85",Pensions nearly tripled from July 2025; the NDA won 202 of 243 seats in November 2025.,,distribution; pre-election,hdb136,https://occult-kranti.github.io/fact-duel/hisaab/#/q/hdb136,"The Indian Express — Cometh the polls, cometh the doles: Nitish announces three-fold hike in social security pension (21 Jun 2025)",https://indianexpress.com/article/india/bihar-govt-increases-old-age-widow-pension-by-rs-700-per-month-10080035/
hp-monsoon-recovery-grant-2025,2025-06,,2025,Himachal 2023 monsoon: central recovery grant,relief,Rahat Kosh (the relief fund),Centre,HP,Himachal Pradesh,NDA,"Amit Shah (Union Home Minister (chair, High Level Committee), BJP)","₹2,006.40 crore recovery aid, ₹1,504.80 crore of it from the NDRF",,,,,,,"Approved nearly two years after the disaster, against ₹9,042 crore sought; ₹633.73 crore extra NDRF aid came in Dec 2023.",,relief,hrf225,https://occult-kranti.github.io/fact-duel/hisaab/#/q/hrf225,"The New Indian Express — Centre approves Rs 2,006.40 crore assistance for Himachal Pradesh for post-disaster recovery plan (18 Jun 2025)",https://www.newindianexpress.com/india/2025/Jun/18/centre-approves-rs-200640-crore-assistance-for-himachal-pradesh-for-post-disaster-recovery-plan
br-125-free-units-2025,2025-07,,2025,125 free power units (Bihar),pre-election,Chunav Se Pehle (before the vote),State,BR,Bihar,JD(U),"Nitish Kumar (Chief Minister, Bihar, JD(U))",Free domestic electricity up to 125 units a month from 1 August 2025; free rooftop solar for Kutir Jyoti homes,1.67 crore of 1.86 crore domestic consumers,,Bihar Assembly 2025,2025-11,112,"NDA won 202 of 243: BJP 89, JD(U) 85; RJD 25","The NDA returned with 202 of 243 seats (BJP 89, JD(U) 85); the RJD fell to 25.",,distribution; pre-election,hpe146,https://occult-kranti.github.io/fact-duel/hisaab/#/q/hpe146,The New Indian Express — Bihar cabinet gives nod for free electricity upto 125 units (18 Jul 2025),https://www.newindianexpress.com/india/2025/Jul/18/bihar-cabinet-gives-nod-for-free-electricity-upto-125-units-167-crore-power-consumers-to-benefit
pb-sehat-yojana-2025,2025-07,,2025,Mukh Mantri Sehat Yojana,distribution,Seedha Khaate Mein (straight into the account),State,PB,Punjab,AAP,"Bhagwant Mann (Chief Minister, Punjab, AAP)",Cashless treatment up to ₹10 lakh per family a year for every resident,,₹778 crore (2025-26),,,,,Cleared in July 2025 for rollout on 2 October; the bank holds no claims figures yet.,,distribution,hst111,https://occult-kranti.github.io/fact-duel/hisaab/#/q/hst111,The Tribune — Punjab Cabinet gives nod to ₹10 lakh health cover for all families (Jul 2025),https://www.tribuneindia.com/news/punjab/punjab-cabinet-gives-nod-to-scheme-providing-rs-10-lakh-health-cover-to-all-families
ap-stree-shakti-2025,2025-08,,2025,Stree Shakti free bus travel,distribution,Seedha Khaate Mein (straight into the account),State,AP,Andhra Pradesh,TDP,"N. Chandrababu Naidu (Chief Minister, Andhra Pradesh, TDP)",Free APSRTC bus travel for women,87 crore trips in year one; daily women riders up from 9.47 lakh to 24 lakh,"₹3,095 crore in year one (launch estimate ₹1,942 crore)",,,,,Women rose from 40% to 62% of APSRTC passengers; the scheme runs on 76% of the fleet (NIE).,,distribution,hdb421,https://occult-kranti.github.io/fact-duel/hisaab/#/q/hdb421,"The New Indian Express — Stree Shakti turns one, clocks over 87 crore trips (15 Aug 2026)",https://www.newindianexpress.com/states/andhra-pradesh/2026/Aug/15/stree-shakti-turns-one-clocks-over-87-crore-trips
br-flood-gratuitous-relief-2025,2025-08,,2025,Flood gratuitous relief (Bihar),relief,Rahat Kosh (the relief fund),State,BR,Bihar,JD(U),"Nitish Kumar (Chief Minister, Bihar, JD(U))","₹7,000 per flood-hit family by direct transfer (raised from ₹6,000)",6.51 lakh families in 12 districts,₹456.12 crore,Bihar Assembly 2025,2025-11,78,"NDA won 202 of 243 seats (BJP 89, JD(U) 85); RJD 25",Paid 78 days before polling; the NDA won 202 of 243 seats and the JD(U) rose from 43 to 85.,,pre-election; relief,hrf136,https://occult-kranti.github.io/fact-duel/hisaab/#/q/hrf136,The Economic Times (PTI) — Bihar CM transfers Rs 456 cr to bank accounts of flood-hit families (20 Aug 2025),https://m.economictimes.com/news/india/bihar-cm-transfers-rs-456-cr-to-bank-accounts-of-flood-hit-families/articleshow/123404600.cms
tn-breakfast-scheme-extension-2025,2025-08,,2025,CM’s Breakfast Scheme extended,distribution,Seedha Khaate Mein (straight into the account),State,TN,Tamil Nadu,DMK,"M.K. Stalin (Chief Minister, Tamil Nadu, DMK)",Free school breakfast widened to urban aided schools,20.59 lakh students,,,,,,"The TVK government extended it up to Class 8 in June 2026, adding nearly 15 lakh students.",,distribution,hst249,https://occult-kranti.github.io/fact-duel/hisaab/#/q/hst249,The Hindu — Chief Minister’s free breakfast scheme to be expanded to benefit 20.59 lakh students (24 Aug 2025),https://www.thehindu.com/news/national/tamil-nadu/cms-breakfast-scheme-to-be-expanded-to-benefit-2059-lakh-students-says-stalin/article69972026.ece
br-mahila-rojgar-2025,2025-09,,2025,Mukhyamantri Mahila Rojgar Yojana,pre-election,Chunav Se Pehle (before the vote),State,BR,Bihar,JD(U),"Nitish Kumar (Chief Minister, Bihar, JD(U)); Narendra Modi (Prime Minister (launched it and made the first transfer), BJP)","₹10,000 to each woman to start a venture, with up to ₹2 lakh more promised later",75 lakh women at launch; 1.81 crore by February 2026,"₹7,500 crore at launch; ₹18,100 crore by February 2026",Bihar Assembly 2025,2025-11,41,"NDA won 202 of 243 seats; BJP 89, JD(U) 85",Paid 41 days before polling; the NDA won 202 of 243. Jan Suraaj’s Supreme Court plea was withdrawn in Feb 2026 with liberty to go to the Patna HC.,,distribution; pre-election,hst152; hdb140,https://occult-kranti.github.io/fact-duel/hisaab/#/q/hst152 https://occult-kranti.github.io/fact-duel/hisaab/#/q/hdb140,The Hindu — PM Modi launches Bihar’s Mukhyamantri Mahila Rojgar Yojana (26 Sep 2025),https://www.thehindu.com/elections/bihar-assembly/pm-modi-launches-bihars-mukhyamantri-mahila-rojgar-yojana/article70096776.ece
br-student-credit-card-2025,2025-09,,2025,Student Credit Card made interest-free,pre-election,Chunav Se Pehle (before the vote),State,BR,Bihar,JD(U),"Nitish Kumar (Chief Minister, Bihar, JD(U))","Education loans up to ₹4 lakh made interest-free for all, with longer repayment",,,Bihar Assembly 2025,2025-11,51,"NDA won 202 of 243 seats; BJP 89, JD(U) 85",Announced 51 days before polling; the NDA won 202 of 243 seats. No cited study links the change to the result.,,distribution; pre-election,hdb422,https://occult-kranti.github.io/fact-duel/hisaab/#/q/hdb422,The Times of India — Bihar elections: Nitish Kumar announces interest-free education loans under Student Credit Card scheme (16 Sep 2025),https://timesofindia.indiatimes.com/india/bihar-elections-nitish-kumar-announces-interest-free-education-loans-under-student-credit-card-scheme-all-you-need-to-know/articleshow/123915868.cms
hr-lado-lakshmi-2025,2025-09,,2025,Deendayal Lado Lakshmi Yojana,distribution,Seedha Khaate Mein (straight into the account),State,HR,Haryana,BJP,"Nayab Singh Saini (Chief Minister, Haryana, BJP)","₹2,100 a month for women aged 23–60 in families earning up to ₹1 lakh",About 20 lakh women in phase one (target); 5.22 lakh paid in the first instalment,"₹5,000 crore (2025-26 budget)",,,,,"Promised to all women before the 2024 poll; the first instalment (Nov 2025) reached under 4% of adult women, AIDWA said.",,distribution,hst115; hdb138,https://occult-kranti.github.io/fact-duel/hisaab/#/q/hst115 https://occult-kranti.github.io/fact-duel/hisaab/#/q/hdb138,The Tribune — CM Nayab Saini launches Deendayal Lado Lakshmi Yojana (25 Sep 2025),https://www.tribuneindia.com/news/haryana/cm-nayab-saini-launches-deendayal-lado-lakshmi-yojana-eligible-women-to-receive-rs-2100-monthly
in-gst-2-2025,2025-09,,2025,GST 2.0 rate overhaul,pre-election,Chunav Se Pehle (before the vote),Centre,IN,India-wide (Centre),NDA,"Nirmala Sitharaman (Union Finance Minister, BJP)","Four main slabs cut to 5% and 18%, plus 40% for sin and luxury goods",,"About ₹48,000 crore a year (Revenue Secretary)",Bihar Assembly 2025,2025-11,45,"NDA won 202 of 243 seats; BJP 89, JD(U) 85",In force 45 days before Bihar voted; the NDA won 202 of 243. The cited sources make no causal claim.,,pre-election,hpe040; hbx031,https://occult-kranti.github.io/fact-duel/hisaab/#/q/hpe040 https://occult-kranti.github.io/fact-duel/hisaab/#/q/hbx031,Hindustan Times — New GST rates from 22 September (4 Sep 2025),https://www.hindustantimes.com/business/new-two-tier-gst-structure-to-kick-in-from-22-september-nirmala-sitharaman-101756917458027.html
pb-flood-compensation-2025,2025-09,,2025,Flood crop compensation (Punjab),relief,Rahat Kosh (the relief fund),State,PB,Punjab,AAP,"Bhagwant Mann (Chief Minister, Punjab, AAP)","₹20,000 an acre for 75–100% crop loss; ₹40,000 for partly damaged houses; ₹4 lakh per death","About 3.5 lakh acres in 2,508 villages",,,,,,Payments began on 13 October 2025; some farmers called the sum ‘peanuts’ against their losses.,,relief,hrf138,https://occult-kranti.github.io/fact-duel/hisaab/#/q/hrf138,"The Indian Express — Punjab announces 'highest-ever' flood compensation of Rs 20,000 per acre (8 Sep 2025)",https://indianexpress.com/article/cities/chandigarh/punjab-flood-compensation-farmers-aid-10238014/
pb-floods-central-aid-2025,2025-09,,2025,Punjab floods: central aid,relief,Rahat Kosh (the relief fund),Centre,PB,Punjab,NDA,"Narendra Modi (Prime Minister, BJP)","₹1,600 crore announced by the PM",,,,,,,"₹805 crore released; the MHA said Punjab’s SDRF held ₹12,589.59 crore, which the state disputed. The Assembly called the aid ‘meagre’.",,relief,hrf137,https://occult-kranti.github.io/fact-duel/hisaab/#/q/hrf137,"The Indian Express — Punjab flood relief: Mann says Shah promised more; MHA: 'utilise Rs 12,589 cr SDRF' (1 Oct 2025)",https://indianexpress.com/article/cities/chandigarh/punjab-flood-relief-mann-says-shah-promised-more-mha-utlise-rs-12589-cr-sdrf-10281114/
as-mahila-udyamita-2025,2025-10,,2025,Mukhya Mantri Mahila Udyamita Abhiyaan,pre-election,Chunav Se Pehle (before the vote),State,AS,Assam,BJP,"Himanta Biswa Sarma (Chief Minister, Assam, BJP)","Up to ₹85,000 seed capital per SHG member over three years, ₹10,000 first",Over 28.5 lakh women approved by the 2026 poll,,Assam Assembly 2026,2026-04,,BJP won 82 of 126 seats; NDA third straight term,"Lakhs of women had the first ₹10,000 before the 9 April 2026 vote; the BJP won 82 of 126 as its alliance took a third term.",,distribution; pre-election,hdb323,https://occult-kranti.github.io/fact-duel/hisaab/#/q/hdb323,The Indian Express — The 'asoni' election: Schemes for women may decide Assam contest (2 Apr 2026),https://indianexpress.com/article/political-pulse/the-asoni-election-schemes-for-women-may-decide-assam-contest-but-price-rise-remains-a-worry-10614409/
kl-welfare-pension-2025,2025-10,,2025,"Welfare pension raised to ₹2,000 (Kerala)",pre-election,Chunav Se Pehle (before the vote),State,KL,Kerala,LDF,"Pinarayi Vijayan (Chief Minister, Kerala, CPI(M)); K.N. Balagopal (Finance Minister, Kerala, CPI(M))","Monthly welfare pension raised from ₹1,600 to ₹2,000",,"About ₹13,000 crore a year",Kerala Assembly 2026,2026-04,162,"UDF won 102 of 140 seats; LDF 35, NDA 3",Announced 162 days before polling; the UDF won 102 of 140 and the LDF fell to 35.,,distribution; pre-election,hdb242,https://occult-kranti.github.io/fact-duel/hisaab/#/q/hdb242,"The Indian Express — Ahead of local body polls, Kerala govt opens purse strings for women, youth and pensioners (30 Oct 2025)",https://indianexpress.com/article/cities/thiruvananthapuram/ahead-of-local-body-polls-kerala-govt-opens-purse-strings-for-women-youth-and-pensioners-10334851/
kl-womens-safety-aid-2025,2025-10,,2025,Women’s safety aid (Kerala),pre-election,Chunav Se Pehle (before the vote),State,KL,Kerala,LDF,"Pinarayi Vijayan (Chief Minister, Kerala, CPI(M))","₹1,000 a month for poor women aged 35–60 not on other pensions",31.34 lakh women,"₹3,800 crore a year",Kerala Assembly 2026,2026-04,162,"UDF won 102 of 140 seats; LDF 35, NDA 3","Part of about ₹18,000 crore a year of new measures (NIE); the LDF won only 35 of 140 seats.",,distribution; pre-election,hdb243,https://occult-kranti.github.io/fact-duel/hisaab/#/q/hdb243,The New Indian Express — CM Pinarayi Vijayan's mini-budget raises questions over fiscal sustainability (30 Oct 2025),https://www.newindianexpress.com/states/kerala/2025/Oct/30/cm-pinarayi-vijayans-mini-budget-raises-questions-over-fiscal-sustainability
tn-pm-kisan-21st-2025,2025-11,,2025,PM-KISAN 21st instalment (Coimbatore),pre-election,Chunav Se Pehle (before the vote),Centre,TN,Tamil Nadu,NDA,"Narendra Modi (Prime Minister, BJP)","₹2,000 to each eligible farmer family, released at Coimbatore",Nearly 9 crore farmers,"About ₹18,000 crore",Tamil Nadu Assembly 2026,2026-04,155,TVK won 108 of 234 seats; DMK 59; AIADMK 47,Tamil Nadu voted 155 days later; the TVK won 108 of 234 seats.,,distribution; pre-election,hpe224,https://occult-kranti.github.io/fact-duel/hisaab/#/q/hpe224,"DD News — PM Modi releases 21st instalment of PM-KISAN, ₹18,000 crore transferred to farmers (19 Nov 2025)",https://ddnews.gov.in/en/pm-modi-releases-21st-instalment-of-pm-kisan-%E2%82%B918000-crore-transferred-to-farmers/
in-vb-g-ram-g-2025,2025-12,,2025,VB-G RAM G Act (replaces MGNREGA),distribution,Seedha Khaate Mein (straight into the account),Centre,IN,India-wide (Centre),NDA,"Shivraj Singh Chouhan (Union Rural Development Minister, BJP)","125 days of rural wage work a year, with a 60-day pause allowed in peak farm seasons; costs shared 60:40",,"₹1,51,282 crore a year needed; ₹95,692 crore the Centre’s share",,,,,"Passed amid an opposition walkout; in force from 1 July 2026, with most states now paying 40%.",,distribution,hdb039; hsc036; hsc037,https://occult-kranti.github.io/fact-duel/hisaab/#/q/hdb039 https://occult-kranti.github.io/fact-duel/hisaab/#/q/hsc036 https://occult-kranti.github.io/fact-duel/hisaab/#/q/hsc037,Hindustan Times — Parliament passes new VB-G RAM G Bill to replace MGNREGA amid Opposition walkout (19 Dec 2025),https://www.hindustantimes.com/india-news/parliament-passes-new-vb-g-ram-g-bill-to-replace-mgnrega-amid-opposition-walkout-101766086029025.html
ap-ntr-bharosa-pensions,2026,,2026,NTR Bharosa pensions,distribution,Seedha Khaate Mein (straight into the account),State,AP,Andhra Pradesh,TDP,,"₹4,000 a month to most elderly and widow pensioners",Nearly 62 lakh beneficiaries,"₹33,485 crore allocated 2026-27",,,,,"For pensioners aged 60–79 under the central scheme, the Centre pays ₹200 by bank and the state ₹3,800 in cash at the doorstep.",,distribution,hst257,https://occult-kranti.github.io/fact-duel/hisaab/#/q/hst257,"The New Indian Express — Rs 33,485 crore for NTR Bharosa pensions in 2026-27 (23 Sep 2026)",https://www.newindianexpress.com/states/andhra-pradesh/2026/Sep/23/rs-33485-crore-for-ntr-bharosa-pensions-in-2026-27-minister-kondapalli-srinivas
in-16th-fc-disaster-corpus-2026,2026,,2026,Disaster corpus 2026–31 (16th Finance Commission),relief,Rahat Kosh (the relief fund),Centre,IN,India-wide (Centre),NDA,,Record disaster corpus; heatwave and lightning recommended for the national list,,"₹2,83,807 crore (₹2,04,401 crore state, ₹79,406 crore national)",,,,,Recommended; the committee urged the MHA to notify both hazards (lightning caused 35.8% of natural-hazard deaths in 2022).,,relief,hrf038,https://occult-kranti.github.io/fact-duel/hisaab/#/q/hrf038,"Rajya Sabha Standing Committee on Home Affairs — 261st Report (Aug 2026), paras 2.13.21–2.13.25",https://bucketapi.rajyasabha.digital/public-bucket/uploads/committee/2026_08_21_committee_3339_976_6a881941b462a.pdf
mh-ladki-bahin-advance-2026,2026-01,,2026,Ladki Bahin advance instalment (barred),pre-election,Chunav Se Pehle (before the vote),State,MH,Maharashtra,BJP,"Girish Mahajan (Minister, Maharashtra (announced the advance), BJP); Devendra Fadnavis (Chief Minister, Maharashtra, BJP)","A ₹3,000 double instalment announced for the eve of the municipal polls",,,"Maharashtra municipal polls (incl. BMC), Jan 2026",2026-01,,BJP won 89 of 227 BMC wards; with Shinde Sena (29) the allies hold 118,The State Election Commission barred the advance; ongoing payments continued. BJP 89 of 227 BMC wards; allies 118.,,distribution; pre-election,hpe147,https://occult-kranti.github.io/fact-duel/hisaab/#/q/hpe147,The Hindu — 'Ladki Bahin' scheme: State Election Commission bars Maharashtra govt from releasing advance installment (12 Jan 2026),https://www.thehindu.com/news/national/maharashtra/ladki-bahin-scheme-maharashtra-election-commission-model-code-polls/article70501117.ece
tn-pongal-cash-2026,2026-01,,2026,"Pongal cash gift ₹3,000",pre-election,Chunav Se Pehle (before the vote),State,TN,Tamil Nadu,DMK,"M.K. Stalin (Chief Minister, Tamil Nadu, DMK)","₹3,000 per rice ration card",About 2.23 crore cards,"₹6,936.18 crore",Tamil Nadu Assembly 2026,2026-04,109,TVK won 108 of 234; DMK 59; AIADMK 47 (ECI),Announced 109 days before polling; the TVK won 108 of 234 and the DMK fell to 59.,,distribution; pre-election,hpe149,https://occult-kranti.github.io/fact-duel/hisaab/#/q/hpe149,"The New Indian Express — Tamil Nadu government announces Rs 3,000 cash assistance per ration card ahead of Pongal (4 Jan 2026)",https://www.newindianexpress.com/states/tamil-nadu/2026/Jan/04/tamil-nadu-government-announces-rs-3000-cash-assistance-per-ration-card-ahead-of-pongal
in-budget-2026-poll-states,2026-02,,2026,Union Budget 2026-27 before four-state polls,pre-election,Chunav Se Pehle (before the vote),Centre,IN,India-wide (Centre),NDA,"Nirmala Sitharaman (Union Finance Minister, BJP)",Rare-earth corridors named for Kerala and Tamil Nadu among others; no specific allocations for poll-bound states,,,"Assembly polls in 4 states and Puducherry, 2026",2026-04,67,BJP-led alliance won West Bengal (207 of 294) and Assam; TVK largest in Tamil Nadu (108 of 234); UDF won Kerala,"Budgets since 2014 named 21 of 72 poll-bound states (UPA: 24 of 70), IE counted. The BJP-led alliance won Bengal and Assam.",,pre-election,hpe041; hpe042,https://occult-kranti.github.io/fact-duel/hisaab/#/q/hpe041 https://occult-kranti.github.io/fact-duel/hisaab/#/q/hpe042,"indiabudget.gov.in — Budget Speech 2026-27, Nirmala Sitharaman (1 Feb 2026)",https://www.indiabudget.gov.in/doc/Budget_Speech.pdf
tn-magalir-urimai-5000-2026,2026-02,,2026,"Magalir Urimai ₹5,000 payout",pre-election,Chunav Se Pehle (before the vote),State,TN,Tamil Nadu,DMK,"M.K. Stalin (Chief Minister, Tamil Nadu, DMK)","₹5,000 each, including a ₹2,000 ‘special summer assistance’",1.31 crore women,,Tamil Nadu Assembly 2026,2026-04,,TVK won 108 of 234; DMK 59; AIADMK 47 (ECI),The AIADMK called it ‘fear of election defeat’; the TVK won 108 of 234 and the DMK 59.,,distribution; pre-election,hst248,https://occult-kranti.github.io/fact-duel/hisaab/#/q/hst248,"The Hindu — Opposition parties slam Tamil Nadu CM Stalin’s ₹5,000 payout to women under Kalaignar Magalir Urimai scheme (13 Feb 2026)",https://www.thehindu.com/news/national/tamil-nadu/opposition-parties-slam-tamil-nadu-cm-stalin-5000-payout-to-women-under-kalaignar-magalir-urimai-thogai-scheme/article70627629.ece
wb-lakshmir-bhandar-hike-2026,2026-02,,2026,Lakshmir Bhandar raised by ₹500 (2026),pre-election,Chunav Se Pehle (before the vote),State,WB,West Bengal,TMC,"Chandrima Bhattacharya (Minister of State (Finance), West Bengal, TMC)","Payments raised to ₹1,500 (general) and ₹1,700 (SC/ST) a month","2,20,25,342 women",,West Bengal Assembly 2026,2026-04,77,"BJP won 207 seats, TMC 80 (ECI); first BJP government in the state","Announced 77 days before polling; the BJP won 207 of 294, ending 15 years of TMC rule.",,distribution; pre-election,hdb307,https://occult-kranti.github.io/fact-duel/hisaab/#/q/hdb307,"The Indian Express — Ahead of Bengal 2026 Assembly elections, TMC govt announces Rs 500 hike for Lakshmir Bhandar beneficiaries (5 Feb 2026)",https://indianexpress.com/article/cities/kolkata/ahead-of-bengal-2026-assembly-elections-tmc-govt-announces-rs-500-hike-for-lakshmir-bhandar-beneficiaries-10515653/
wb-yuba-sathi-2026,2026-02,,2026,Banglar Yuba-Sathi,pre-election,Chunav Se Pehle (before the vote),State,WB,West Bengal,TMC,"Chandrima Bhattacharya (Finance Minister, West Bengal, TMC); Mamata Banerjee (Chief Minister, West Bengal (advanced the start), TMC)","₹1,500 a month for jobless Madhyamik-pass youth aged 21–40",90 lakh to 1 crore applicants (CM),"₹5,000 crore (2026-27)",West Bengal Assembly 2026,2026-04,77,BJP won 207 of 294; TMC 80 (ECI),"The CM advanced the start and said transfers began on 7 March 2026; the BJP won 207 of 294 and offered ₹3,000 a month under its own scheme.",,distribution; pre-election,hpe148,https://occult-kranti.github.io/fact-duel/hisaab/#/q/hpe148,"Times of India — West Bengal VOA: Yuba-Sathi debuts, social schemes get fund boost in poll year (6 Feb 2026)",https://timesofindia.indiatimes.com/city/kolkata/west-bengal-voa-yuba-sathi-debuts-social-schemes-get-fund-boost-in-poll-year/articleshow/127972109.cms
as-orunodoi-lump-sum-2026,2026-03,,2026,Orunodoi lump-sum transfer,pre-election,Chunav Se Pehle (before the vote),State,AS,Assam,BJP,"Himanta Biswa Sarma (Chief Minister, Assam, BJP)","₹9,000 each in one transfer: four months’ benefit plus a ₹4,000 festive bonus",About 40 lakh women,"Orunodoi 2025-26 spend revised to ₹6,000 crore (PRS)",Assam Assembly 2026,2026-04,30,BJP won 82 of 126 seats; NDA third straight term,Paid 30 days before Assam voted; the BJP won 82 of 126 seats as the NDA took a third straight term.,,distribution; pre-election,hst321,https://occult-kranti.github.io/fact-duel/hisaab/#/q/hst321,PRS Legislative Research — Assam Budget Analysis 2026-27 (2026),https://prsindia.org/budgets/states/assam-budget-analysis-2026-27
mn-womens-shg-2026,2026-03,,2026,Women’s SHG assistance (Manipur),distribution,Seedha Khaate Mein (straight into the account),State,MN,Manipur,BJP,"Y. Khemchand Singh (Chief Minister, Manipur, BJP)","₹10,000 by DBT in year one to women in self-help groups",3.5 lakh women over three years,₹350 crore (2026-27),,,,,No payout figures had been found by September 2026.,,distribution,hdb423,https://occult-kranti.github.io/fact-duel/hisaab/#/q/hdb423,PRS Legislative Research — Manipur Budget Analysis 2026-27,https://prsindia.org/budgets/states/manipur-budget-analysis-2026-27
pb-mawan-dhiyan-satikar-2026,2026-03,,2026,Mukh Mantri Mawan Dhiyan Satikar Yojana,distribution,Seedha Khaate Mein (straight into the account),State,PB,Punjab,AAP,"Bhagwant Mann (Chief Minister, Punjab, AAP); Harpal Singh Cheema (Finance Minister, Punjab, AAP)","₹1,000 a month for adult women, more for some groups; about 97% qualify",76.11 lakh women registered by Aug 2026,"₹9,300 crore (2026-27)",,,,,Funded nearly four years after the 2022 promise; a PIL challenges its voter-ID requirement. Punjab votes by early 2027.,,distribution,hdb141,https://occult-kranti.github.io/fact-duel/hisaab/#/q/hdb141,The Indian Express — Punjab Budget 2026: AAP fulfills pre-poll guarantee with monthly cash for 97% women (8 Mar 2026),https://indianexpress.com/article/cities/chandigarh/punjab-budget-2026-women-monthly-assistance-mawan-dhiyan-satikar-yojana-10571040/
ut-nanda-gaura,2026-03,yes,2026,Nanda Gaura Yojana,distribution,Seedha Khaate Mein (straight into the account),State,UT,Uttarakhand,BJP,"Pushkar Singh Dhami (Chief Minister, Uttarakhand, BJP)","₹11,000 at birth and ₹51,000 after Class 12 for girls in eligible families","3,77,784 girls since inception","₹1,168.49 crore since inception; ₹145.93 crore for 2025-26",,,,,"₹145.93 crore went to 33,251 girls in March 2026 (state figures).",,distribution,hdb142,https://occult-kranti.github.io/fact-duel/hisaab/#/q/hdb142,Garhwal Post — CM transfers Rs 145.93 crores to beneficiaries under Nanda Gaura Yojana through DBT (2 Mar 2026),https://garhwalpost.in/cm-transfers-rs-145-93-crores-to-beneficiaries-under-nanda-gaura-yojana-through-dbt/
kl-oommen-chandy-health-insurance-2026,2026-06,,2026,Oommen Chandy Health Insurance,distribution,Seedha Khaate Mein (straight into the account),State,KL,Kerala,UDF,"V. D. Satheesan (Chief Minister, Kerala (presented the 2026-27 budget), INC)",Health cover up to ₹25 lakh for all families,,,,,,,Announced in the UDF government’s first budget; the bank holds no enrolment figures yet.,,distribution,hst244,https://occult-kranti.github.io/fact-duel/hisaab/#/q/hst244,PRS Legislative Research — Kerala Budget Analysis 2026-27 (2026),https://prsindia.org/budgets/states/kerala-budget-analysis-2026-27
wb-annapurna-bhandar-2026,2026-07,,2026,Annapurna Bhandar,distribution,Seedha Khaate Mein (straight into the account),State,WB,West Bengal,BJP,"Suvendu Adhikari (Chief Minister, West Bengal, BJP)","₹3,000 a month for eligible women, replacing Lakshmir Bhandar with stricter rules",1.58 crore women paid (Sept 2026); 26 lakh applications rejected at first,"₹36,000 crore (2026-27)",,,,,Promised to all women before the poll; the TMC accused the BJP of adding conditions afterwards.,,distribution,hdb338; hst307,https://occult-kranti.github.io/fact-duel/hisaab/#/q/hdb338 https://occult-kranti.github.io/fact-duel/hisaab/#/q/hst307,The Indian Express — Annapurna Yojana first tranche credited; 26 lakh applications rejected (1 Jul 2026),https://indianexpress.com/article/cities/kolkata/annapurna-yojana-first-tranche-credited-26-lakh-applications-rejected-suvendu-adhikari-10766931/
wb-ayushman-bharat-rollout-2026,2026-07,,2026,Ayushman Bharat replaces Swasthya Sathi (Bengal),distribution,Seedha Khaate Mein (straight into the account),State,WB,West Bengal,BJP,"Suvendu Adhikari (Chief Minister, West Bengal, BJP)","Swasthya Sathi families moved onto Ayushman Bharat cards, the state paying premiums beyond the central list",About 2.45 crore Swasthya Sathi families,,,,,,Ends a long Centre–state impasse; card co-branding was undecided in June 2026.,,distribution,hdb310,https://occult-kranti.github.io/fact-duel/hisaab/#/q/hdb310,"The Indian Express — With Ayushman Bharat roll-out in Bengal, what happens to Swasthya Sathi beneficiaries? (9 Jun 2026)",https://indianexpress.com/article/explained/ayushman-bharat-launch-swasthya-sathi-west-bengal-suvendu-adhikari-10730450/
tn-free-bus-deluxe-2026,2026-08,,2026,Free bus travel extended to deluxe buses,distribution,Seedha Khaate Mein (straight into the account),State,TN,Tamil Nadu,TVK,"C. Joseph Vijay (Chief Minister, Tamil Nadu, TVK)","Free travel for women extended to deluxe, express and mofussil buses, no income ceiling","About 84.32 lakh women a day on 12,692 buses (planned)","About ₹6,000 crore a year",,,,,"Set to start on 2 October 2026, except in two districts under a bypoll code.",,distribution,hdb424,https://occult-kranti.github.io/fact-duel/hisaab/#/q/hdb424,"The New Indian Express — TN government expands free bus travel for women to deluxe, mofussil buses (25 Aug 2026)",https://www.newindianexpress.com/states/tamil-nadu/2026/Aug/25/tn-government-expands-free-bus-travel-for-women-to-deluxe-mofussil-buses
ut-free-roadways-women-2026,2026-08,,2026,Free Roadways travel for women 60+,distribution,Seedha Khaate Mein (straight into the account),State,UT,Uttarakhand,BJP,"Pushkar Singh Dhami (Chief Minister, Uttarakhand, BJP)",Free Uttarakhand Roadways travel for women from 60 (down from 65); pink e-buses,,,,,,,Announced on Raksha Bandhan 2026; the next Assembly poll is due by early 2027.,,distribution,hdb145,https://occult-kranti.github.io/fact-duel/hisaab/#/q/hdb145,"The Times of India — Uttarakhand CM Dhami announces free bus travel, Pink e-Buses for women on Raksha Bandhan (28 Aug 2026)",https://timesofindia.indiatimes.com/india/uttarakhand-cm-dhami-announces-free-bus-travel-pink-e-buses-for-women-on-raksha-bandhan/articleshow/133593963.cms
wb-kanya-ratna-2026,2026-08,,2026,Kanya Ratna (Kanyashree renamed),distribution,Seedha Khaate Mein (straight into the account),State,WB,West Bengal,BJP,"Suvendu Adhikari (Chief Minister, West Bengal, BJP)","Yearly scholarship to double from ₹1,000 to ₹2,000 from 2027; ₹25,000 at 18 kept",9.48 lakh girls paid on 14 Aug 2026,₹418 crore that day,,,,,Bengal also joined the Centre’s Beti Bachao Beti Padhao the same day.,,distribution,hdb309,https://occult-kranti.github.io/fact-duel/hisaab/#/q/hdb309,"The Indian Express — Bengal joins 'Beti Bachao, Beti Padhao'; Rs 2k aid for schoolgirls from 2027 (15 Aug 2026)",https://indianexpress.com/article/cities/kolkata/bengal-joins-beti-bachao-beti-padhao-suvendu-adhikari-10834375/
